tile_index,jis_code,unicode,character,file_offset
0,0x3021,U+4E9C,亜,0x1CEC4
1,0x3022,U+5516,唖,0x1CF04
2,0x3023,U+5A03,娃,0x1CF44
3,0x3024,U+963F,阿,0x1CF84
4,0x3025,U+54C0,哀,0x1CFC4
5,0x3026,U+611B,愛,0x1D004
6,0x3027,U+6328,挨,0x1D044
7,0x3028,U+59F6,姶,0x1D084
8,0x3029,U+9022,逢,0x1D0C4
9,0x302A,U+8475,葵,0x1D104
10,0x302B,U+831C,茜,0x1D144
11,0x302C,U+7A50,穐,0x1D184
12,0x302D,U+60AA,悪,0x1D1C4
13,0x302E,U+63E1,握,0x1D204
14,0x302F,U+6E25,渥,0x1D244
15,0x3030,U+65ED,旭,0x1D284
16,0x3031,U+8466,葦,0x1D2C4
17,0x3032,U+82A6,芦,0x1D304
18,0x3033,U+9BF5,鯵,0x1D344
19,0x3034,U+6893,梓,0x1D384
20,0x3035,U+5727,圧,0x1D3C4
21,0x3036,U+65A1,斡,0x1D404
22,0x3037,U+6271,扱,0x1D444
23,0x3038,U+5B9B,宛,0x1D484
24,0x3039,U+59D0,姐,0x1D4C4
25,0x303A,U+867B,虻,0x1D504
26,0x303B,U+98F4,飴,0x1D544
27,0x303C,U+7D62,絢,0x1D584
28,0x303D,U+7DBE,綾,0x1D5C4
29,0x303E,U+9B8E,鮎,0x1D604
30,0x303F,U+6216,或,0x1D644
31,0x3040,U+7C9F,粟,0x1D684
32,0x3041,U+88B7,袷,0x1D6C4
33,0x3042,U+5B89,安,0x1D704
34,0x3043,U+5EB5,庵,0x1D744
35,0x3044,U+6309,按,0x1D784
36,0x3045,U+6697,暗,0x1D7C4
37,0x3046,U+6848,案,0x1D804
38,0x3047,U+95C7,闇,0x1D844
39,0x3048,U+978D,鞍,0x1D884
40,0x3049,U+674F,杏,0x1D8C4
41,0x304A,U+4EE5,以,0x1D904
42,0x304B,U+4F0A,伊,0x1D944
43,0x304C,U+4F4D,位,0x1D984
44,0x304D,U+4F9D,依,0x1D9C4
45,0x304E,U+5049,偉,0x1DA04
46,0x304F,U+56F2,囲,0x1DA44
47,0x3050,U+5937,夷,0x1DA84
48,0x3051,U+59D4,委,0x1DAC4
49,0x3052,U+5A01,威,0x1DB04
50,0x3053,U+5C09,尉,0x1DB44
51,0x3054,U+60DF,惟,0x1DB84
52,0x3055,U+610F,意,0x1DBC4
53,0x3056,U+6170,慰,0x1DC04
54,0x3057,U+6613,易,0x1DC44
55,0x3058,U+6905,椅,0x1DC84
56,0x3059,U+70BA,為,0x1DCC4
57,0x305A,U+754F,畏,0x1DD04
58,0x305B,U+7570,異,0x1DD44
59,0x305C,U+79FB,移,0x1DD84
60,0x305D,U+7DAD,維,0x1DDC4
61,0x305E,U+7DEF,緯,0x1DE04
62,0x305F,U+80C3,胃,0x1DE44
63,0x3060,U+840E,萎,0x1DE84
64,0x3061,U+8863,衣,0x1DEC4
65,0x3062,U+8B02,謂,0x1DF04
66,0x3063,U+9055,違,0x1DF44
67,0x3064,U+907A,遺,0x1DF84
68,0x3065,U+533B,医,0x1DFC4
69,0x3066,U+4E95,井,0x1E004
70,0x3067,U+4EA5,亥,0x1E044
71,0x3068,U+57DF,域,0x1E084
72,0x3069,U+80B2,育,0x1E0C4
73,0x306A,U+90C1,郁,0x1E104
74,0x306B,U+78EF,磯,0x1E144
75,0x306C,U+4E00,一,0x1E184
76,0x306D,U+58F1,壱,0x1E1C4
77,0x306E,U+6EA2,溢,0x1E204
78,0x306F,U+9038,逸,0x1E244
79,0x3070,U+7A32,稲,0x1E284
80,0x3071,U+8328,茨,0x1E2C4
81,0x3072,U+828B,芋,0x1E304
82,0x3073,U+9C2F,鰯,0x1E344
83,0x3074,U+5141,允,0x1E384
84,0x3075,U+5370,印,0x1E3C4
85,0x3076,U+54BD,咽,0x1E404
86,0x3077,U+54E1,員,0x1E444
87,0x3078,U+56E0,因,0x1E484
88,0x3079,U+59FB,姻,0x1E4C4
89,0x307A,U+5F15,引,0x1E504
90,0x307B,U+98F2,飲,0x1E544
91,0x307C,U+6DEB,淫,0x1E584
92,0x307D,U+80E4,胤,0x1E5C4
93,0x307E,U+852D,蔭,0x1E604
94,0x3121,U+9662,院,0x1E644
95,0x3122,U+9670,陰,0x1E684
96,0x3123,U+96A0,隠,0x1E6C4
97,0x3124,U+97FB,韻,0x1E704
98,0x3125,U+540B,吋,0x1E744
99,0x3126,U+53F3,右,0x1E784
100,0x3127,U+5B87,宇,0x1E7C4
101,0x3128,U+70CF,烏,0x1E804
102,0x3129,U+7FBD,羽,0x1E844
103,0x312A,U+8FC2,迂,0x1E884
104,0x312B,U+96E8,雨,0x1E8C4
105,0x312C,U+536F,卯,0x1E904
106,0x312D,U+9D5C,鵜,0x1E944
107,0x312E,U+7ABA,窺,0x1E984
108,0x312F,U+4E11,丑,0x1E9C4
109,0x3130,U+7893,碓,0x1EA04
110,0x3131,U+81FC,臼,0x1EA44
111,0x3132,U+6E26,渦,0x1EA84
112,0x3133,U+5618,嘘,0x1EAC4
113,0x3134,U+5504,唄,0x1EB04
114,0x3135,U+6B1D,欝,0x1EB44
115,0x3136,U+851A,蔚,0x1EB84
116,0x3137,U+9C3B,鰻,0x1EBC4
117,0x3138,U+59E5,姥,0x1EC04
118,0x3139,U+53A9,厩,0x1EC44
119,0x313A,U+6D66,浦,0x1EC84
120,0x313B,U+74DC,瓜,0x1ECC4
121,0x313C,U+958F,閏,0x1ED04
122,0x313D,U+5642,噂,0x1ED44
123,0x313E,U+4E91,云,0x1ED84
124,0x313F,U+904B,運,0x1EDC4
125,0x3140,U+96F2,雲,0x1EE04
126,0x3141,U+834F,荏,0x1EE44
127,0x3142,U+990C,餌,0x1EE84
128,0x3143,U+53E1,叡,0x1EEC4
129,0x3144,U+55B6,営,0x1EF04
130,0x3145,U+5B30,嬰,0x1EF44
131,0x3146,U+5F71,影,0x1EF84
132,0x3147,U+6620,映,0x1EFC4
133,0x3148,U+66F3,曳,0x1F004
134,0x3149,U+6804,栄,0x1F044
135,0x314A,U+6C38,永,0x1F084
136,0x314B,U+6CF3,泳,0x1F0C4
137,0x314C,U+6D29,洩,0x1F104
138,0x314D,U+745B,瑛,0x1F144
139,0x314E,U+76C8,盈,0x1F184
140,0x314F,U+7A4E,穎,0x1F1C4
141,0x3150,U+9834,頴,0x1F204
142,0x3151,U+82F1,英,0x1F244
143,0x3152,U+885B,衛,0x1F284
144,0x3153,U+8A60,詠,0x1F2C4
145,0x3154,U+92ED,鋭,0x1F304
146,0x3155,U+6DB2,液,0x1F344
147,0x3156,U+75AB,疫,0x1F384
148,0x3157,U+76CA,益,0x1F3C4
149,0x3158,U+99C5,駅,0x1F404
150,0x3159,U+60A6,悦,0x1F444
151,0x315A,U+8B01,謁,0x1F484
152,0x315B,U+8D8A,越,0x1F4C4
153,0x315C,U+95B2,閲,0x1F504
154,0x315D,U+698E,榎,0x1F544
155,0x315E,U+53AD,厭,0x1F584
156,0x315F,U+5186,円,0x1F5C4
157,0x3160,U+5712,園,0x1F604
158,0x3161,U+5830,堰,0x1F644
159,0x3162,U+5944,奄,0x1F684
160,0x3163,U+5BB4,宴,0x1F6C4
161,0x3164,U+5EF6,延,0x1F704
162,0x3165,U+6028,怨,0x1F744
163,0x3166,U+63A9,掩,0x1F784
164,0x3167,U+63F4,援,0x1F7C4
165,0x3168,U+6CBF,沿,0x1F804
166,0x3169,U+6F14,演,0x1F844
167,0x316A,U+708E,炎,0x1F884
168,0x316B,U+7114,焔,0x1F8C4
169,0x316C,U+7159,煙,0x1F904
170,0x316D,U+71D5,燕,0x1F944
171,0x316E,U+733F,猿,0x1F984
172,0x316F,U+7E01,縁,0x1F9C4
173,0x3170,U+8276,艶,0x1FA04
174,0x3171,U+82D1,苑,0x1FA44
175,0x3172,U+8597,薗,0x1FA84
176,0x3173,U+9060,遠,0x1FAC4
177,0x3174,U+925B,鉛,0x1FB04
178,0x3175,U+9D1B,鴛,0x1FB44
179,0x3176,U+5869,塩,0x1FB84
180,0x3177,U+65BC,於,0x1FBC4
181,0x3178,U+6C5A,汚,0x1FC04
182,0x3179,U+7525,甥,0x1FC44
183,0x317A,U+51F9,凹,0x1FC84
184,0x317B,U+592E,央,0x1FCC4
185,0x317C,U+5965,奥,0x1FD04
186,0x317D,U+5F80,往,0x1FD44
187,0x317E,U+5FDC,応,0x1FD84
188,0x3221,U+62BC,押,0x1FDC4
189,0x3222,U+65FA,旺,0x1FE04
190,0x3223,U+6A2A,横,0x1FE44
191,0x3224,U+6B27,欧,0x1FE84
192,0x3225,U+6BB4,殴,0x1FEC4
193,0x3226,U+738B,王,0x1FF04
194,0x3227,U+7FC1,翁,0x1FF44
195,0x3228,U+8956,襖,0x1FF84
196,0x3229,U+9D2C,鴬,0x1FFC4
197,0x322A,U+9D0E,鴎,0x20004
198,0x322B,U+9EC4,黄,0x20044
199,0x322C,U+5CA1,岡,0x20084
200,0x322D,U+6C96,沖,0x200C4
201,0x322E,U+837B,荻,0x20104
202,0x322F,U+5104,億,0x20144
203,0x3230,U+5C4B,屋,0x20184
204,0x3231,U+61B6,憶,0x201C4
205,0x3232,U+81C6,臆,0x20204
206,0x3233,U+6876,桶,0x20244
207,0x3234,U+7261,牡,0x20284
208,0x3235,U+4E59,乙,0x202C4
209,0x3236,U+4FFA,俺,0x20304
210,0x3237,U+5378,卸,0x20344
211,0x3238,U+6069,恩,0x20384
212,0x3239,U+6E29,温,0x203C4
213,0x323A,U+7A4F,穏,0x20404
214,0x323B,U+97F3,音,0x20444
215,0x323C,U+4E0B,下,0x20484
216,0x323D,U+5316,化,0x204C4
217,0x323E,U+4EEE,仮,0x20504
218,0x323F,U+4F55,何,0x20544
219,0x3240,U+4F3D,伽,0x20584
220,0x3241,U+4FA1,価,0x205C4
221,0x3242,U+4F73,佳,0x20604
222,0x3243,U+52A0,加,0x20644
223,0x3244,U+53EF,可,0x20684
224,0x3245,U+5609,嘉,0x206C4
225,0x3246,U+590F,夏,0x20704
226,0x3247,U+5AC1,嫁,0x20744
227,0x3248,U+5BB6,家,0x20784
228,0x3249,U+5BE1,寡,0x207C4
229,0x324A,U+79D1,科,0x20804
230,0x324B,U+6687,暇,0x20844
231,0x324C,U+679C,果,0x20884
232,0x324D,U+67B6,架,0x208C4
233,0x324E,U+6B4C,歌,0x20904
234,0x324F,U+6CB3,河,0x20944
235,0x3250,U+706B,火,0x20984
236,0x3251,U+73C2,珂,0x209C4
237,0x3252,U+798D,禍,0x20A04
238,0x3253,U+79BE,禾,0x20A44
239,0x3254,U+7A3C,稼,0x20A84
240,0x3255,U+7B87,箇,0x20AC4
241,0x3256,U+82B1,花,0x20B04
242,0x3257,U+82DB,苛,0x20B44
243,0x3258,U+8304,茄,0x20B84
244,0x3259,U+8377,荷,0x20BC4
245,0x325A,U+83EF,華,0x20C04
246,0x325B,U+83D3,菓,0x20C44
247,0x325C,U+8766,蝦,0x20C84
248,0x325D,U+8AB2,課,0x20CC4
249,0x325E,U+5629,嘩,0x20D04
250,0x325F,U+8CA8,貨,0x20D44
251,0x3260,U+8FE6,迦,0x20D84
252,0x3261,U+904E,過,0x20DC4
253,0x3262,U+971E,霞,0x20E04
254,0x3263,U+868A,蚊,0x20E44
255,0x3264,U+4FC4,俄,0x20E84
256,0x3265,U+5CE8,峨,0x20EC4
257,0x3266,U+6211,我,0x20F04
258,0x3267,U+7259,牙,0x20F44
259,0x3268,U+753B,画,0x20F84
260,0x3269,U+81E5,臥,0x20FC4
261,0x326A,U+82BD,芽,0x21004
262,0x326B,U+86FE,蛾,0x21044
263,0x326C,U+8CC0,賀,0x21084
264,0x326D,U+96C5,雅,0x210C4
265,0x326E,U+9913,餓,0x21104
266,0x326F,U+99D5,駕,0x21144
267,0x3270,U+4ECB,介,0x21184
268,0x3271,U+4F1A,会,0x211C4
269,0x3272,U+89E3,解,0x21204
270,0x3273,U+56DE,回,0x21244
271,0x3274,U+584A,塊,0x21284
272,0x3275,U+58CA,壊,0x212C4
273,0x3276,U+5EFB,廻,0x21304
274,0x3277,U+5FEB,快,0x21344
275,0x3278,U+602A,怪,0x21384
276,0x3279,U+6094,悔,0x213C4
277,0x327A,U+6062,恢,0x21404
278,0x327B,U+61D0,懐,0x21444
279,0x327C,U+6212,戒,0x21484
280,0x327D,U+62D0,拐,0x214C4
281,0x327E,U+6539,改,0x21504
282,0x3321,U+9B41,魁,0x21544
283,0x3322,U+6666,晦,0x21584
284,0x3323,U+68B0,械,0x215C4
285,0x3324,U+6D77,海,0x21604
286,0x3325,U+7070,灰,0x21644
287,0x3326,U+754C,界,0x21684
288,0x3327,U+7686,皆,0x216C4
289,0x3328,U+7D75,絵,0x21704
290,0x3329,U+82A5,芥,0x21744
291,0x332A,U+87F9,蟹,0x21784
292,0x332B,U+958B,開,0x217C4
293,0x332C,U+968E,階,0x21804
294,0x332D,U+8C9D,貝,0x21844
295,0x332E,U+51F1,凱,0x21884
296,0x332F,U+52BE,劾,0x218C4
297,0x3330,U+5916,外,0x21904
298,0x3331,U+54B3,咳,0x21944
299,0x3332,U+5BB3,害,0x21984
300,0x3333,U+5D16,崖,0x219C4
301,0x3334,U+6168,慨,0x21A04
302,0x3335,U+6982,概,0x21A44
303,0x3336,U+6DAF,涯,0x21A84
304,0x3337,U+788D,碍,0x21AC4
305,0x3338,U+84CB,蓋,0x21B04
306,0x3339,U+8857,街,0x21B44
307,0x333A,U+8A72,該,0x21B84
308,0x333B,U+93A7,鎧,0x21BC4
309,0x333C,U+9AB8,骸,0x21C04
310,0x333D,U+6D6C,浬,0x21C44
311,0x333E,U+99A8,馨,0x21C84
312,0x333F,U+86D9,蛙,0x21CC4
313,0x3340,U+57A3,垣,0x21D04
314,0x3341,U+67FF,柿,0x21D44
315,0x3342,U+86CE,蛎,0x21D84
316,0x3343,U+920E,鈎,0x21DC4
317,0x3344,U+5283,劃,0x21E04
318,0x3345,U+5687,嚇,0x21E44
319,0x3346,U+5404,各,0x21E84
320,0x3347,U+5ED3,廓,0x21EC4
321,0x3348,U+62E1,拡,0x21F04
322,0x3349,U+64B9,撹,0x21F44
323,0x334A,U+683C,格,0x21F84
324,0x334B,U+6838,核,0x21FC4
325,0x334C,U+6BBB,殻,0x22004
326,0x334D,U+7372,獲,0x22044
327,0x334E,U+78BA,確,0x22084
328,0x334F,U+7A6B,穫,0x220C4
329,0x3350,U+899A,覚,0x22104
330,0x3351,U+89D2,角,0x22144
331,0x3352,U+8D6B,赫,0x22184
332,0x3353,U+8F03,較,0x221C4
333,0x3354,U+90ED,郭,0x22204
334,0x3355,U+95A3,閣,0x22244
335,0x3356,U+9694,隔,0x22284
336,0x3357,U+9769,革,0x222C4
337,0x3358,U+5B66,学,0x22304
338,0x3359,U+5CB3,岳,0x22344
339,0x335A,U+697D,楽,0x22384
340,0x335B,U+984D,額,0x223C4
341,0x335C,U+984E,顎,0x22404
342,0x335D,U+639B,掛,0x22444
343,0x335E,U+7B20,笠,0x22484
344,0x335F,U+6A2B,樫,0x224C4
345,0x3360,U+6A7F,橿,0x22504
346,0x3361,U+68B6,梶,0x22544
347,0x3362,U+9C0D,鰍,0x22584
348,0x3363,U+6F5F,潟,0x225C4
349,0x3364,U+5272,割,0x22604
350,0x3365,U+559D,喝,0x22644
351,0x3366,U+6070,恰,0x22684
352,0x3367,U+62EC,括,0x226C4
353,0x3368,U+6D3B,活,0x22704
354,0x3369,U+6E07,渇,0x22744
355,0x336A,U+6ED1,滑,0x22784
356,0x336B,U+845B,葛,0x227C4
357,0x336C,U+8910,褐,0x22804
358,0x336D,U+8F44,轄,0x22844
359,0x336E,U+4E14,且,0x22884
360,0x336F,U+9C39,鰹,0x228C4
361,0x3370,U+53F6,叶,0x22904
362,0x3371,U+691B,椛,0x22944
363,0x3372,U+6A3A,樺,0x22984
364,0x3373,U+9784,鞄,0x229C4
365,0x3374,U+682A,株,0x22A04
366,0x3375,U+515C,兜,0x22A44
367,0x3376,U+7AC3,竃,0x22A84
368,0x3377,U+84B2,蒲,0x22AC4
369,0x3378,U+91DC,釜,0x22B04
370,0x3379,U+938C,鎌,0x22B44
371,0x337A,U+565B,噛,0x22B84
372,0x337B,U+9D28,鴨,0x22BC4
373,0x337C,U+6822,栢,0x22C04
374,0x337D,U+8305,茅,0x22C44
375,0x337E,U+8431,萱,0x22C84
376,0x3421,U+7CA5,粥,0x22CC4
377,0x3422,U+5208,刈,0x22D04
378,0x3423,U+82C5,苅,0x22D44
379,0x3424,U+74E6,瓦,0x22D84
380,0x3425,U+4E7E,乾,0x22DC4
381,0x3426,U+4F83,侃,0x22E04
382,0x3427,U+51A0,冠,0x22E44
383,0x3428,U+5BD2,寒,0x22E84
384,0x3429,U+520A,刊,0x22EC4
385,0x342A,U+52D8,勘,0x22F04
386,0x342B,U+52E7,勧,0x22F44
387,0x342C,U+5DFB,巻,0x22F84
388,0x342D,U+559A,喚,0x22FC4
389,0x342E,U+582A,堪,0x23004
390,0x342F,U+59E6,姦,0x23044
391,0x3430,U+5B8C,完,0x23084
392,0x3431,U+5B98,官,0x230C4
393,0x3432,U+5BDB,寛,0x23104
394,0x3433,U+5E72,干,0x23144
395,0x3434,U+5E79,幹,0x23184
396,0x3435,U+60A3,患,0x231C4
397,0x3436,U+611F,感,0x23204
398,0x3437,U+6163,慣,0x23244
399,0x3438,U+61BE,憾,0x23284
400,0x3439,U+63DB,換,0x232C4
401,0x343A,U+6562,敢,0x23304
402,0x343B,U+67D1,柑,0x23344
403,0x343C,U+6853,桓,0x23384
404,0x343D,U+68FA,棺,0x233C4
405,0x343E,U+6B3E,款,0x23404
406,0x343F,U+6B53,歓,0x23444
407,0x3440,U+6C57,汗,0x23484
408,0x3441,U+6F22,漢,0x234C4
409,0x3442,U+6F97,澗,0x23504
410,0x3443,U+6F45,潅,0x23544
411,0x3444,U+74B0,環,0x23584
412,0x3445,U+7518,甘,0x235C4
413,0x3446,U+76E3,監,0x23604
414,0x3447,U+770B,看,0x23644
415,0x3448,U+7AFF,竿,0x23684
416,0x3449,U+7BA1,管,0x236C4
417,0x344A,U+7C21,簡,0x23704
418,0x344B,U+7DE9,緩,0x23744
419,0x344C,U+7F36,缶,0x23784
420,0x344D,U+7FF0,翰,0x237C4
421,0x344E,U+809D,肝,0x23804
422,0x344F,U+8266,艦,0x23844
423,0x3450,U+839E,莞,0x23884
424,0x3451,U+89B3,観,0x238C4
425,0x3452,U+8ACC,諌,0x23904
426,0x3453,U+8CAB,貫,0x23944
427,0x3454,U+9084,還,0x23984
428,0x3455,U+9451,鑑,0x239C4
429,0x3456,U+9593,間,0x23A04
430,0x3457,U+9591,閑,0x23A44
431,0x3458,U+95A2,関,0x23A84
432,0x3459,U+9665,陥,0x23AC4
433,0x345A,U+97D3,韓,0x23B04
434,0x345B,U+9928,館,0x23B44
435,0x345C,U+8218,舘,0x23B84
436,0x345D,U+4E38,丸,0x23BC4
437,0x345E,U+542B,含,0x23C04
438,0x345F,U+5CB8,岸,0x23C44
439,0x3460,U+5DCC,巌,0x23C84
440,0x3461,U+73A9,玩,0x23CC4
441,0x3462,U+764C,癌,0x23D04
442,0x3463,U+773C,眼,0x23D44
443,0x3464,U+5CA9,岩,0x23D84
444,0x3465,U+7FEB,翫,0x23DC4
445,0x3466,U+8D0B,贋,0x23E04
446,0x3467,U+96C1,雁,0x23E44
447,0x3468,U+9811,頑,0x23E84
448,0x3469,U+9854,顔,0x23EC4
449,0x346A,U+9858,願,0x23F04
450,0x346B,U+4F01,企,0x23F44
451,0x346C,U+4F0E,伎,0x23F84
452,0x346D,U+5371,危,0x23FC4
453,0x346E,U+559C,喜,0x24004
454,0x346F,U+5668,器,0x24044
455,0x3470,U+57FA,基,0x24084
456,0x3471,U+5947,奇,0x240C4
457,0x3472,U+5B09,嬉,0x24104
458,0x3473,U+5BC4,寄,0x24144
459,0x3474,U+5C90,岐,0x24184
460,0x3475,U+5E0C,希,0x241C4
461,0x3476,U+5E7E,幾,0x24204
462,0x3477,U+5FCC,忌,0x24244
463,0x3478,U+63EE,揮,0x24284
464,0x3479,U+673A,机,0x242C4
465,0x347A,U+65D7,旗,0x24304
466,0x347B,U+65E2,既,0x24344
467,0x347C,U+671F,期,0x24384
468,0x347D,U+68CB,棋,0x243C4
469,0x347E,U+68C4,棄,0x24404
470,0x3521,U+6A5F,機,0x24444
471,0x3522,U+5E30,帰,0x24484
472,0x3523,U+6BC5,毅,0x244C4
473,0x3524,U+6C17,気,0x24504
474,0x3525,U+6C7D,汽,0x24544
475,0x3526,U+757F,畿,0x24584
476,0x3527,U+7948,祈,0x245C4
477,0x3528,U+5B63,季,0x24604
478,0x3529,U+7A00,稀,0x24644
479,0x352A,U+7D00,紀,0x24684
480,0x352B,U+5FBD,徽,0x246C4
481,0x352C,U+898F,規,0x24704
482,0x352D,U+8A18,記,0x24744
483,0x352E,U+8CB4,貴,0x24784
484,0x352F,U+8D77,起,0x247C4
485,0x3530,U+8ECC,軌,0x24804
486,0x3531,U+8F1D,輝,0x24844
487,0x3532,U+98E2,飢,0x24884
488,0x3533,U+9A0E,騎,0x248C4
489,0x3534,U+9B3C,鬼,0x24904
490,0x3535,U+4E80,亀,0x24944
491,0x3536,U+507D,偽,0x24984
492,0x3537,U+5100,儀,0x249C4
493,0x3538,U+5993,妓,0x24A04
494,0x3539,U+5B9C,宜,0x24A44
495,0x353A,U+622F,戯,0x24A84
496,0x353B,U+6280,技,0x24AC4
497,0x353C,U+64EC,擬,0x24B04
498,0x353D,U+6B3A,欺,0x24B44
499,0x353E,U+72A0,犠,0x24B84
500,0x353F,U+7591,疑,0x24BC4
501,0x3540,U+7947,祇,0x24C04
502,0x3541,U+7FA9,義,0x24C44
503,0x3542,U+87FB,蟻,0x24C84
504,0x3543,U+8ABC,誼,0x24CC4
505,0x3544,U+8B70,議,0x24D04
506,0x3545,U+63AC,掬,0x24D44
507,0x3546,U+83CA,菊,0x24D84
508,0x3547,U+97A0,鞠,0x24DC4
509,0x3548,U+5409,吉,0x24E04
510,0x3549,U+5403,吃,0x24E44
511,0x354A,U+55AB,喫,0x24E84
512,0x354B,U+6854,桔,0x24EC4
513,0x354C,U+6A58,橘,0x24F04
514,0x354D,U+8A70,詰,0x24F44
515,0x354E,U+7827,砧,0x24F84
516,0x354F,U+6775,杵,0x24FC4
517,0x3550,U+9ECD,黍,0x25004
518,0x3551,U+5374,却,0x25044
519,0x3552,U+5BA2,客,0x25084
520,0x3553,U+811A,脚,0x250C4
521,0x3554,U+8650,虐,0x25104
522,0x3555,U+9006,逆,0x25144
523,0x3556,U+4E18,丘,0x25184
524,0x3557,U+4E45,久,0x251C4
525,0x3558,U+4EC7,仇,0x25204
526,0x3559,U+4F11,休,0x25244
527,0x355A,U+53CA,及,0x25284
528,0x355B,U+5438,吸,0x252C4
529,0x355C,U+5BAE,宮,0x25304
530,0x355D,U+5F13,弓,0x25344
531,0x355E,U+6025,急,0x25384
532,0x355F,U+6551,救,0x253C4
533,0x3560,U+673D,朽,0x25404
534,0x3561,U+6C42,求,0x25444
535,0x3562,U+6C72,汲,0x25484
536,0x3563,U+6CE3,泣,0x254C4
537,0x3564,U+7078,灸,0x25504
538,0x3565,U+7403,球,0x25544
539,0x3566,U+7A76,究,0x25584
540,0x3567,U+7AAE,窮,0x255C4
541,0x3568,U+7B08,笈,0x25604
542,0x3569,U+7D1A,級,0x25644
543,0x356A,U+7CFE,糾,0x25684
544,0x356B,U+7D66,給,0x256C4
545,0x356C,U+65E7,旧,0x25704
546,0x356D,U+725B,牛,0x25744
547,0x356E,U+53BB,去,0x25784
548,0x356F,U+5C45,居,0x257C4
549,0x3570,U+5DE8,巨,0x25804
550,0x3571,U+62D2,拒,0x25844
551,0x3572,U+62E0,拠,0x25884
552,0x3573,U+6319,挙,0x258C4
553,0x3574,U+6E20,渠,0x25904
554,0x3575,U+865A,虚,0x25944
555,0x3576,U+8A31,許,0x25984
556,0x3577,U+8DDD,距,0x259C4
557,0x3578,U+92F8,鋸,0x25A04
558,0x3579,U+6F01,漁,0x25A44
559,0x357A,U+79A6,禦,0x25A84
560,0x357B,U+9B5A,魚,0x25AC4
561,0x357C,U+4EA8,亨,0x25B04
562,0x357D,U+4EAB,享,0x25B44
563,0x357E,U+4EAC,京,0x25B84
564,0x3621,U+4F9B,供,0x25BC4
565,0x3622,U+4FA0,侠,0x25C04
566,0x3623,U+50D1,僑,0x25C44
567,0x3624,U+5147,兇,0x25C84
568,0x3625,U+7AF6,競,0x25CC4
569,0x3626,U+5171,共,0x25D04
570,0x3627,U+51F6,凶,0x25D44
571,0x3628,U+5354,協,0x25D84
572,0x3629,U+5321,匡,0x25DC4
573,0x362A,U+537F,卿,0x25E04
574,0x362B,U+53EB,叫,0x25E44
575,0x362C,U+55AC,喬,0x25E84
576,0x362D,U+5883,境,0x25EC4
577,0x362E,U+5CE1,峡,0x25F04
578,0x362F,U+5F37,強,0x25F44
579,0x3630,U+5F4A,彊,0x25F84
580,0x3631,U+602F,怯,0x25FC4
581,0x3632,U+6050,恐,0x26004
582,0x3633,U+606D,恭,0x26044
583,0x3634,U+631F,挟,0x26084
584,0x3635,U+6559,教,0x260C4
585,0x3636,U+6A4B,橋,0x26104
586,0x3637,U+6CC1,況,0x26144
587,0x3638,U+72C2,狂,0x26184
588,0x3639,U+72ED,狭,0x261C4
589,0x363A,U+77EF,矯,0x26204
590,0x363B,U+80F8,胸,0x26244
591,0x363C,U+8105,脅,0x26284
592,0x363D,U+8208,興,0x262C4
593,0x363E,U+854E,蕎,0x26304
594,0x363F,U+90F7,郷,0x26344
595,0x3640,U+93E1,鏡,0x26384
596,0x3641,U+97FF,響,0x263C4
597,0x3642,U+9957,饗,0x26404
598,0x3643,U+9A5A,驚,0x26444
599,0x3644,U+4EF0,仰,0x26484
600,0x3645,U+51DD,凝,0x264C4
601,0x3646,U+5C2D,尭,0x26504
602,0x3647,U+6681,暁,0x26544
603,0x3648,U+696D,業,0x26584
604,0x3649,U+5C40,局,0x265C4
605,0x364A,U+66F2,曲,0x26604
606,0x364B,U+6975,極,0x26644
607,0x364C,U+7389,玉,0x26684
608,0x364D,U+6850,桐,0x266C4
609,0x364E,U+7C81,粁,0x26704
610,0x364F,U+50C5,僅,0x26744
611,0x3650,U+52E4,勤,0x26784
612,0x3651,U+5747,均,0x267C4
613,0x3652,U+5DFE,巾,0x26804
614,0x3653,U+9326,錦,0x26844
615,0x3654,U+65A4,斤,0x26884
616,0x3655,U+6B23,欣,0x268C4
617,0x3656,U+6B3D,欽,0x26904
618,0x3657,U+7434,琴,0x26944
619,0x3658,U+7981,禁,0x26984
620,0x3659,U+79BD,禽,0x269C4
621,0x365A,U+7B4B,筋,0x26A04
622,0x365B,U+7DCA,緊,0x26A44
623,0x365C,U+82B9,芹,0x26A84
624,0x365D,U+83CC,菌,0x26AC4
625,0x365E,U+887F,衿,0x26B04
626,0x365F,U+895F,襟,0x26B44
627,0x3660,U+8B39,謹,0x26B84
628,0x3661,U+8FD1,近,0x26BC4
629,0x3662,U+91D1,金,0x26C04
630,0x3663,U+541F,吟,0x26C44
631,0x3664,U+9280,銀,0x26C84
632,0x3665,U+4E5D,九,0x26CC4
633,0x3666,U+5036,倶,0x26D04
634,0x3667,U+53E5,句,0x26D44
635,0x3668,U+533A,区,0x26D84
636,0x3669,U+72D7,狗,0x26DC4
637,0x366A,U+7396,玖,0x26E04
638,0x366B,U+77E9,矩,0x26E44
639,0x366C,U+82E6,苦,0x26E84
640,0x366D,U+8EAF,躯,0x26EC4
641,0x366E,U+99C6,駆,0x26F04
642,0x366F,U+99C8,駈,0x26F44
643,0x3670,U+99D2,駒,0x26F84
644,0x3671,U+5177,具,0x26FC4
645,0x3672,U+611A,愚,0x27004
646,0x3673,U+865E,虞,0x27044
647,0x3674,U+55B0,喰,0x27084
648,0x3675,U+7A7A,空,0x270C4
649,0x3676,U+5076,偶,0x27104
650,0x3677,U+5BD3,寓,0x27144
651,0x3678,U+9047,遇,0x27184
652,0x3679,U+9685,隅,0x271C4
653,0x367A,U+4E32,串,0x27204
654,0x367B,U+6ADB,櫛,0x27244
655,0x367C,U+91E7,釧,0x27284
656,0x367D,U+5C51,屑,0x272C4
657,0x367E,U+5C48,屈,0x27304
658,0x3721,U+6398,掘,0x27344
659,0x3722,U+7A9F,窟,0x27384
660,0x3723,U+6C93,沓,0x273C4
661,0x3724,U+9774,靴,0x27404
662,0x3725,U+8F61,轡,0x27444
663,0x3726,U+7AAA,窪,0x27484
664,0x3727,U+718A,熊,0x274C4
665,0x3728,U+9688,隈,0x27504
666,0x3729,U+7C82,粂,0x27544
667,0x372A,U+6817,栗,0x27584
668,0x372B,U+7E70,繰,0x275C4
669,0x372C,U+6851,桑,0x27604
670,0x372D,U+936C,鍬,0x27644
671,0x372E,U+52F2,勲,0x27684
672,0x372F,U+541B,君,0x276C4
673,0x3730,U+85AB,薫,0x27704
674,0x3731,U+8A13,訓,0x27744
675,0x3732,U+7FA4,群,0x27784
676,0x3733,U+8ECD,軍,0x277C4
677,0x3734,U+90E1,郡,0x27804
678,0x3735,U+5366,卦,0x27844
679,0x3736,U+8888,袈,0x27884
680,0x3737,U+7941,祁,0x278C4
681,0x3738,U+4FC2,係,0x27904
682,0x3739,U+50BE,傾,0x27944
683,0x373A,U+5211,刑,0x27984
684,0x373B,U+5144,兄,0x279C4
685,0x373C,U+5553,啓,0x27A04
686,0x373D,U+572D,圭,0x27A44
687,0x373E,U+73EA,珪,0x27A84
688,0x373F,U+578B,型,0x27AC4
689,0x3740,U+5951,契,0x27B04
690,0x3741,U+5F62,形,0x27B44
691,0x3742,U+5F84,径,0x27B84
692,0x3743,U+6075,恵,0x27BC4
693,0x3744,U+6176,慶,0x27C04
694,0x3745,U+6167,慧,0x27C44
695,0x3746,U+61A9,憩,0x27C84
696,0x3747,U+63B2,掲,0x27CC4
697,0x3748,U+643A,携,0x27D04
698,0x3749,U+656C,敬,0x27D44
699,0x374A,U+666F,景,0x27D84
700,0x374B,U+6842,桂,0x27DC4
701,0x374C,U+6E13,渓,0x27E04
702,0x374D,U+7566,畦,0x27E44
703,0x374E,U+7A3D,稽,0x27E84
704,0x374F,U+7CFB,系,0x27EC4
705,0x3750,U+7D4C,経,0x27F04
706,0x3751,U+7D99,継,0x27F44
707,0x3752,U+7E4B,繋,0x27F84
708,0x3753,U+7F6B,罫,0x27FC4
709,0x3754,U+830E,茎,0x28004
710,0x3755,U+834A,荊,0x28044
711,0x3756,U+86CD,蛍,0x28084
712,0x3757,U+8A08,計,0x280C4
713,0x3758,U+8A63,詣,0x28104
714,0x3759,U+8B66,警,0x28144
715,0x375A,U+8EFD,軽,0x28184
716,0x375B,U+981A,頚,0x281C4
717,0x375C,U+9D8F,鶏,0x28204
718,0x375D,U+82B8,芸,0x28244
719,0x375E,U+8FCE,迎,0x28284
720,0x375F,U+9BE8,鯨,0x282C4
721,0x3760,U+5287,劇,0x28304
722,0x3761,U+621F,戟,0x28344
723,0x3762,U+6483,撃,0x28384
724,0x3763,U+6FC0,激,0x283C4
725,0x3764,U+9699,隙,0x28404
726,0x3765,U+6841,桁,0x28444
727,0x3766,U+5091,傑,0x28484
728,0x3767,U+6B20,欠,0x284C4
729,0x3768,U+6C7A,決,0x28504
730,0x3769,U+6F54,潔,0x28544
731,0x376A,U+7A74,穴,0x28584
732,0x376B,U+7D50,結,0x285C4
733,0x376C,U+8840,血,0x28604
734,0x376D,U+8A23,訣,0x28644
735,0x376E,U+6708,月,0x28684
736,0x376F,U+4EF6,件,0x286C4
737,0x3770,U+5039,倹,0x28704
738,0x3771,U+5026,倦,0x28744
739,0x3772,U+5065,健,0x28784
740,0x3773,U+517C,兼,0x287C4
741,0x3774,U+5238,券,0x28804
742,0x3775,U+5263,剣,0x28844
743,0x3776,U+55A7,喧,0x28884
744,0x3777,U+570F,圏,0x288C4
745,0x3778,U+5805,堅,0x28904
746,0x3779,U+5ACC,嫌,0x28944
747,0x377A,U+5EFA,建,0x28984
748,0x377B,U+61B2,憲,0x289C4
749,0x377C,U+61F8,懸,0x28A04
750,0x377D,U+62F3,拳,0x28A44
751,0x377E,U+6372,捲,0x28A84
752,0x3821,U+691C,検,0x28AC4
753,0x3822,U+6A29,権,0x28B04
754,0x3823,U+727D,牽,0x28B44
755,0x3824,U+72AC,犬,0x28B84
756,0x3825,U+732E,献,0x28BC4
757,0x3826,U+7814,研,0x28C04
758,0x3827,U+786F,硯,0x28C44
759,0x3828,U+7D79,絹,0x28C84
760,0x3829,U+770C,県,0x28CC4
761,0x382A,U+80A9,肩,0x28D04
762,0x382B,U+898B,見,0x28D44
763,0x382C,U+8B19,謙,0x28D84
764,0x382D,U+8CE2,賢,0x28DC4
765,0x382E,U+8ED2,軒,0x28E04
766,0x382F,U+9063,遣,0x28E44
767,0x3830,U+9375,鍵,0x28E84
768,0x3831,U+967A,険,0x28EC4
769,0x3832,U+9855,顕,0x28F04
770,0x3833,U+9A13,験,0x28F44
771,0x3834,U+9E78,鹸,0x28F84
772,0x3835,U+5143,元,0x28FC4
773,0x3836,U+539F,原,0x29004
774,0x3837,U+53B3,厳,0x29044
775,0x3838,U+5E7B,幻,0x29084
776,0x3839,U+5F26,弦,0x290C4
777,0x383A,U+6E1B,減,0x29104
778,0x383B,U+6E90,源,0x29144
779,0x383C,U+7384,玄,0x29184
780,0x383D,U+73FE,現,0x291C4
781,0x383E,U+7D43,絃,0x29204
782,0x383F,U+8237,舷,0x29244
783,0x3840,U+8A00,言,0x29284
784,0x3841,U+8AFA,諺,0x292C4
785,0x3842,U+9650,限,0x29304
786,0x3843,U+4E4E,乎,0x29344
787,0x3844,U+500B,個,0x29384
788,0x3845,U+53E4,古,0x293C4
789,0x3846,U+547C,呼,0x29404
790,0x3847,U+56FA,固,0x29444
791,0x3848,U+59D1,姑,0x29484
792,0x3849,U+5B64,孤,0x294C4
793,0x384A,U+5DF1,己,0x29504
794,0x384B,U+5EAB,庫,0x29544
795,0x384C,U+5F27,弧,0x29584
796,0x384D,U+6238,戸,0x295C4
797,0x384E,U+6545,故,0x29604
798,0x384F,U+67AF,枯,0x29644
799,0x3850,U+6E56,湖,0x29684
800,0x3851,U+72D0,狐,0x296C4
801,0x3852,U+7CCA,糊,0x29704
802,0x3853,U+88B4,袴,0x29744
803,0x3854,U+80A1,股,0x29784
804,0x3855,U+80E1,胡,0x297C4
805,0x3856,U+83F0,菰,0x29804
806,0x3857,U+864E,虎,0x29844
807,0x3858,U+8A87,誇,0x29884
808,0x3859,U+8DE8,跨,0x298C4
809,0x385A,U+9237,鈷,0x29904
810,0x385B,U+96C7,雇,0x29944
811,0x385C,U+9867,顧,0x29984
812,0x385D,U+9F13,鼓,0x299C4
813,0x385E,U+4E94,五,0x29A04
814,0x385F,U+4E92,互,0x29A44
815,0x3860,U+4F0D,伍,0x29A84
816,0x3861,U+5348,午,0x29AC4
817,0x3862,U+5449,呉,0x29B04
818,0x3863,U+543E,吾,0x29B44
819,0x3864,U+5A2F,娯,0x29B84
820,0x3865,U+5F8C,後,0x29BC4
821,0x3866,U+5FA1,御,0x29C04
822,0x3867,U+609F,悟,0x29C44
823,0x3868,U+68A7,梧,0x29C84
824,0x3869,U+6A8E,檎,0x29CC4
825,0x386A,U+745A,瑚,0x29D04
826,0x386B,U+7881,碁,0x29D44
827,0x386C,U+8A9E,語,0x29D84
828,0x386D,U+8AA4,誤,0x29DC4
829,0x386E,U+8B77,護,0x29E04
830,0x386F,U+9190,醐,0x29E44
831,0x3870,U+4E5E,乞,0x29E84
832,0x3871,U+9BC9,鯉,0x29EC4
833,0x3872,U+4EA4,交,0x29F04
834,0x3873,U+4F7C,佼,0x29F44
835,0x3874,U+4FAF,侯,0x29F84
836,0x3875,U+5019,候,0x29FC4
837,0x3876,U+5016,倖,0x2A004
838,0x3877,U+5149,光,0x2A044
839,0x3878,U+516C,公,0x2A084
840,0x3879,U+529F,功,0x2A0C4
841,0x387A,U+52B9,効,0x2A104
842,0x387B,U+52FE,勾,0x2A144
843,0x387C,U+539A,厚,0x2A184
844,0x387D,U+53E3,口,0x2A1C4
845,0x387E,U+5411,向,0x2A204
846,0x3921,U+540E,后,0x2A244
847,0x3922,U+5589,喉,0x2A284
848,0x3923,U+5751,坑,0x2A2C4
849,0x3924,U+57A2,垢,0x2A304
850,0x3925,U+597D,好,0x2A344
851,0x3926,U+5B54,孔,0x2A384
852,0x3927,U+5B5D,孝,0x2A3C4
853,0x3928,U+5B8F,宏,0x2A404
854,0x3929,U+5DE5,工,0x2A444
855,0x392A,U+5DE7,巧,0x2A484
856,0x392B,U+5DF7,巷,0x2A4C4
857,0x392C,U+5E78,幸,0x2A504
858,0x392D,U+5E83,広,0x2A544
859,0x392E,U+5E9A,庚,0x2A584
860,0x392F,U+5EB7,康,0x2A5C4
861,0x3930,U+5F18,弘,0x2A604
862,0x3931,U+6052,恒,0x2A644
863,0x3932,U+614C,慌,0x2A684
864,0x3933,U+6297,抗,0x2A6C4
865,0x3934,U+62D8,拘,0x2A704
866,0x3935,U+63A7,控,0x2A744
867,0x3936,U+653B,攻,0x2A784
868,0x3937,U+6602,昂,0x2A7C4
869,0x3938,U+6643,晃,0x2A804
870,0x3939,U+66F4,更,0x2A844
871,0x393A,U+676D,杭,0x2A884
872,0x393B,U+6821,校,0x2A8C4
873,0x393C,U+6897,梗,0x2A904
874,0x393D,U+69CB,構,0x2A944
875,0x393E,U+6C5F,江,0x2A984
876,0x393F,U+6D2A,洪,0x2A9C4
877,0x3940,U+6D69,浩,0x2AA04
878,0x3941,U+6E2F,港,0x2AA44
879,0x3942,U+6E9D,溝,0x2AA84
880,0x3943,U+7532,甲,0x2AAC4
881,0x3944,U+7687,皇,0x2AB04
882,0x3945,U+786C,硬,0x2AB44
883,0x3946,U+7A3F,稿,0x2AB84
884,0x3947,U+7CE0,糠,0x2ABC4
885,0x3948,U+7D05,紅,0x2AC04
886,0x3949,U+7D18,紘,0x2AC44
887,0x394A,U+7D5E,絞,0x2AC84
888,0x394B,U+7DB1,綱,0x2ACC4
889,0x394C,U+8015,耕,0x2AD04
890,0x394D,U+8003,考,0x2AD44
891,0x394E,U+80AF,肯,0x2AD84
892,0x394F,U+80B1,肱,0x2ADC4
893,0x3950,U+8154,腔,0x2AE04
894,0x3951,U+818F,膏,0x2AE44
895,0x3952,U+822A,航,0x2AE84
896,0x3953,U+8352,荒,0x2AEC4
897,0x3954,U+884C,行,0x2AF04
898,0x3955,U+8861,衡,0x2AF44
899,0x3956,U+8B1B,講,0x2AF84
900,0x3957,U+8CA2,貢,0x2AFC4
901,0x3958,U+8CFC,購,0x2B004
902,0x3959,U+90CA,郊,0x2B044
903,0x395A,U+9175,酵,0x2B084
904,0x395B,U+9271,鉱,0x2B0C4
905,0x395C,U+783F,砿,0x2B104
906,0x395D,U+92FC,鋼,0x2B144
907,0x395E,U+95A4,閤,0x2B184
908,0x395F,U+964D,降,0x2B1C4
909,0x3960,U+9805,項,0x2B204
910,0x3961,U+9999,香,0x2B244
911,0x3962,U+9AD8,高,0x2B284
912,0x3963,U+9D3B,鴻,0x2B2C4
913,0x3964,U+525B,剛,0x2B304
914,0x3965,U+52AB,劫,0x2B344
915,0x3966,U+53F7,号,0x2B384
916,0x3967,U+5408,合,0x2B3C4
917,0x3968,U+58D5,壕,0x2B404
918,0x3969,U+62F7,拷,0x2B444
919,0x396A,U+6FE0,濠,0x2B484
920,0x396B,U+8C6A,豪,0x2B4C4
921,0x396C,U+8F5F,轟,0x2B504
922,0x396D,U+9EB9,麹,0x2B544
923,0x396E,U+514B,克,0x2B584
924,0x396F,U+523B,刻,0x2B5C4
925,0x3970,U+544A,告,0x2B604
926,0x3971,U+56FD,国,0x2B644
927,0x3972,U+7A40,穀,0x2B684
928,0x3973,U+9177,酷,0x2B6C4
929,0x3974,U+9D60,鵠,0x2B704
930,0x3975,U+9ED2,黒,0x2B744
931,0x3976,U+7344,獄,0x2B784
932,0x3977,U+6F09,漉,0x2B7C4
933,0x3978,U+8170,腰,0x2B804
934,0x3979,U+7511,甑,0x2B844
935,0x397A,U+5FFD,忽,0x2B884
936,0x397B,U+60DA,惚,0x2B8C4
937,0x397C,U+9AA8,骨,0x2B904
938,0x397D,U+72DB,狛,0x2B944
939,0x397E,U+8FBC,込,0x2B984
940,0x3A21,U+6B64,此,0x2B9C4
941,0x3A22,U+9803,頃,0x2BA04
942,0x3A23,U+4ECA,今,0x2BA44
943,0x3A24,U+56F0,困,0x2BA84
944,0x3A25,U+5764,坤,0x2BAC4
945,0x3A26,U+58BE,墾,0x2BB04
946,0x3A27,U+5A5A,婚,0x2BB44
947,0x3A28,U+6068,恨,0x2BB84
948,0x3A29,U+61C7,懇,0x2BBC4
949,0x3A2A,U+660F,昏,0x2BC04
950,0x3A2B,U+6606,昆,0x2BC44
951,0x3A2C,U+6839,根,0x2BC84
952,0x3A2D,U+68B1,梱,0x2BCC4
953,0x3A2E,U+6DF7,混,0x2BD04
954,0x3A2F,U+75D5,痕,0x2BD44
955,0x3A30,U+7D3A,紺,0x2BD84
956,0x3A31,U+826E,艮,0x2BDC4
957,0x3A32,U+9B42,魂,0x2BE04
958,0x3A33,U+4E9B,些,0x2BE44
959,0x3A34,U+4F50,佐,0x2BE84
960,0x3A35,U+53C9,叉,0x2BEC4
961,0x3A36,U+5506,唆,0x2BF04
962,0x3A37,U+5D6F,嵯,0x2BF44
963,0x3A38,U+5DE6,左,0x2BF84
964,0x3A39,U+5DEE,差,0x2BFC4
965,0x3A3A,U+67FB,査,0x2C004
966,0x3A3B,U+6C99,沙,0x2C044
967,0x3A3C,U+7473,瑳,0x2C084
968,0x3A3D,U+7802,砂,0x2C0C4
969,0x3A3E,U+8A50,詐,0x2C104
970,0x3A3F,U+9396,鎖,0x2C144
971,0x3A40,U+88DF,裟,0x2C184
972,0x3A41,U+5750,坐,0x2C1C4
973,0x3A42,U+5EA7,座,0x2C204
974,0x3A43,U+632B,挫,0x2C244
975,0x3A44,U+50B5,債,0x2C284
976,0x3A45,U+50AC,催,0x2C2C4
977,0x3A46,U+518D,再,0x2C304
978,0x3A47,U+6700,最,0x2C344
979,0x3A48,U+54C9,哉,0x2C384
980,0x3A49,U+585E,塞,0x2C3C4
981,0x3A4A,U+59BB,妻,0x2C404
982,0x3A4B,U+5BB0,宰,0x2C444
983,0x3A4C,U+5F69,彩,0x2C484
984,0x3A4D,U+624D,才,0x2C4C4
985,0x3A4E,U+63A1,採,0x2C504
986,0x3A4F,U+683D,栽,0x2C544
987,0x3A50,U+6B73,歳,0x2C584
988,0x3A51,U+6E08,済,0x2C5C4
989,0x3A52,U+707D,災,0x2C604
990,0x3A53,U+91C7,采,0x2C644
991,0x3A54,U+7280,犀,0x2C684
992,0x3A55,U+7815,砕,0x2C6C4
993,0x3A56,U+7826,砦,0x2C704
994,0x3A57,U+796D,祭,0x2C744
995,0x3A58,U+658E,斎,0x2C784
996,0x3A59,U+7D30,細,0x2C7C4
997,0x3A5A,U+83DC,菜,0x2C804
998,0x3A5B,U+88C1,裁,0x2C844
999,0x3A5C,U+8F09,載,0x2C884
1000,0x3A5D,U+969B,際,0x2C8C4
1001,0x3A5E,U+5264,剤,0x2C904
1002,0x3A5F,U+5728,在,0x2C944
1003,0x3A60,U+6750,材,0x2C984
1004,0x3A61,U+7F6A,罪,0x2C9C4
1005,0x3A62,U+8CA1,財,0x2CA04
1006,0x3A63,U+51B4,冴,0x2CA44
1007,0x3A64,U+5742,坂,0x2CA84
1008,0x3A65,U+962A,阪,0x2CAC4
1009,0x3A66,U+583A,堺,0x2CB04
1010,0x3A67,U+698A,榊,0x2CB44
1011,0x3A68,U+80B4,肴,0x2CB84
1012,0x3A69,U+54B2,咲,0x2CBC4
1013,0x3A6A,U+5D0E,崎,0x2CC04
1014,0x3A6B,U+57FC,埼,0x2CC44
1015,0x3A6C,U+7895,碕,0x2CC84
1016,0x3A6D,U+9DFA,鷺,0x2CCC4
1017,0x3A6E,U+4F5C,作,0x2CD04
1018,0x3A6F,U+524A,削,0x2CD44
1019,0x3A70,U+548B,咋,0x2CD84
1020,0x3A71,U+643E,搾,0x2CDC4
1021,0x3A72,U+6628,昨,0x2CE04
1022,0x3A73,U+6714,朔,0x2CE44
1023,0x3A74,U+67F5,柵,0x2CE84
1024,0x3A75,U+7A84,窄,0x2CEC4
1025,0x3A76,U+7B56,策,0x2CF04
1026,0x3A77,U+7D22,索,0x2CF44
1027,0x3A78,U+932F,錯,0x2CF84
1028,0x3A79,U+685C,桜,0x2CFC4
1029,0x3A7A,U+9BAD,鮭,0x2D004
1030,0x3A7B,U+7B39,笹,0x2D044
1031,0x3A7C,U+5319,匙,0x2D084
1032,0x3A7D,U+518A,冊,0x2D0C4
1033,0x3A7E,U+5237,刷,0x2D104
1034,0x3B21,U+5BDF,察,0x2D144
1035,0x3B22,U+62F6,拶,0x2D184
1036,0x3B23,U+64AE,撮,0x2D1C4
1037,0x3B24,U+64E6,擦,0x2D204
1038,0x3B25,U+672D,札,0x2D244
1039,0x3B26,U+6BBA,殺,0x2D284
1040,0x3B27,U+85A9,薩,0x2D2C4
1041,0x3B28,U+96D1,雑,0x2D304
1042,0x3B29,U+7690,皐,0x2D344
1043,0x3B2A,U+9BD6,鯖,0x2D384
1044,0x3B2B,U+634C,捌,0x2D3C4
1045,0x3B2C,U+9306,錆,0x2D404
1046,0x3B2D,U+9BAB,鮫,0x2D444
1047,0x3B2E,U+76BF,皿,0x2D484
1048,0x3B2F,U+6652,晒,0x2D4C4
1049,0x3B30,U+4E09,三,0x2D504
1050,0x3B31,U+5098,傘,0x2D544
1051,0x3B32,U+53C2,参,0x2D584
1052,0x3B33,U+5C71,山,0x2D5C4
1053,0x3B34,U+60E8,惨,0x2D604
1054,0x3B35,U+6492,撒,0x2D644
1055,0x3B36,U+6563,散,0x2D684
1056,0x3B37,U+685F,桟,0x2D6C4
1057,0x3B38,U+71E6,燦,0x2D704
1058,0x3B39,U+73CA,珊,0x2D744
1059,0x3B3A,U+7523,産,0x2D784
1060,0x3B3B,U+7B97,算,0x2D7C4
1061,0x3B3C,U+7E82,纂,0x2D804
1062,0x3B3D,U+8695,蚕,0x2D844
1063,0x3B3E,U+8B83,讃,0x2D884
1064,0x3B3F,U+8CDB,賛,0x2D8C4
1065,0x3B40,U+9178,酸,0x2D904
1066,0x3B41,U+9910,餐,0x2D944
1067,0x3B42,U+65AC,斬,0x2D984
1068,0x3B43,U+66AB,暫,0x2D9C4
1069,0x3B44,U+6B8B,残,0x2DA04
1070,0x3B45,U+4ED5,仕,0x2DA44
1071,0x3B46,U+4ED4,仔,0x2DA84
1072,0x3B47,U+4F3A,伺,0x2DAC4
1073,0x3B48,U+4F7F,使,0x2DB04
1074,0x3B49,U+523A,刺,0x2DB44
1075,0x3B4A,U+53F8,司,0x2DB84
1076,0x3B4B,U+53F2,史,0x2DBC4
1077,0x3B4C,U+55E3,嗣,0x2DC04
1078,0x3B4D,U+56DB,四,0x2DC44
1079,0x3B4E,U+58EB,士,0x2DC84
1080,0x3B4F,U+59CB,始,0x2DCC4
1081,0x3B50,U+59C9,姉,0x2DD04
1082,0x3B51,U+59FF,姿,0x2DD44
1083,0x3B52,U+5B50,子,0x2DD84
1084,0x3B53,U+5C4D,屍,0x2DDC4
1085,0x3B54,U+5E02,市,0x2DE04
1086,0x3B55,U+5E2B,師,0x2DE44
1087,0x3B56,U+5FD7,志,0x2DE84
1088,0x3B57,U+601D,思,0x2DEC4
1089,0x3B58,U+6307,指,0x2DF04
1090,0x3B59,U+652F,支,0x2DF44
1091,0x3B5A,U+5B5C,孜,0x2DF84
1092,0x3B5B,U+65AF,斯,0x2DFC4
1093,0x3B5C,U+65BD,施,0x2E004
1094,0x3B5D,U+65E8,旨,0x2E044
1095,0x3B5E,U+679D,枝,0x2E084
1096,0x3B5F,U+6B62,止,0x2E0C4
1097,0x3B60,U+6B7B,死,0x2E104
1098,0x3B61,U+6C0F,氏,0x2E144
1099,0x3B62,U+7345,獅,0x2E184
1100,0x3B63,U+7949,祉,0x2E1C4
1101,0x3B64,U+79C1,私,0x2E204
1102,0x3B65,U+7CF8,糸,0x2E244
1103,0x3B66,U+7D19,紙,0x2E284
1104,0x3B67,U+7D2B,紫,0x2E2C4
1105,0x3B68,U+80A2,肢,0x2E304
1106,0x3B69,U+8102,脂,0x2E344
1107,0x3B6A,U+81F3,至,0x2E384
1108,0x3B6B,U+8996,視,0x2E3C4
1109,0x3B6C,U+8A5E,詞,0x2E404
1110,0x3B6D,U+8A69,詩,0x2E444
1111,0x3B6E,U+8A66,試,0x2E484
1112,0x3B6F,U+8A8C,誌,0x2E4C4
1113,0x3B70,U+8AEE,諮,0x2E504
1114,0x3B71,U+8CC7,資,0x2E544
1115,0x3B72,U+8CDC,賜,0x2E584
1116,0x3B73,U+96CC,雌,0x2E5C4
1117,0x3B74,U+98FC,飼,0x2E604
1118,0x3B75,U+6B6F,歯,0x2E644
1119,0x3B76,U+4E8B,事,0x2E684
1120,0x3B77,U+4F3C,似,0x2E6C4
1121,0x3B78,U+4F8D,侍,0x2E704
1122,0x3B79,U+5150,児,0x2E744
1123,0x3B7A,U+5B57,字,0x2E784
1124,0x3B7B,U+5BFA,寺,0x2E7C4
1125,0x3B7C,U+6148,慈,0x2E804
1126,0x3B7D,U+6301,持,0x2E844
1127,0x3B7E,U+6642,時,0x2E884
1128,0x3C21,U+6B21,次,0x2E8C4
1129,0x3C22,U+6ECB,滋,0x2E904
1130,0x3C23,U+6CBB,治,0x2E944
1131,0x3C24,U+723E,爾,0x2E984
1132,0x3C25,U+74BD,璽,0x2E9C4
1133,0x3C26,U+75D4,痔,0x2EA04
1134,0x3C27,U+78C1,磁,0x2EA44
1135,0x3C28,U+793A,示,0x2EA84
1136,0x3C29,U+800C,而,0x2EAC4
1137,0x3C2A,U+8033,耳,0x2EB04
1138,0x3C2B,U+81EA,自,0x2EB44
1139,0x3C2C,U+8494,蒔,0x2EB84
1140,0x3C2D,U+8F9E,辞,0x2EBC4
1141,0x3C2E,U+6C50,汐,0x2EC04
1142,0x3C2F,U+9E7F,鹿,0x2EC44
1143,0x3C30,U+5F0F,式,0x2EC84
1144,0x3C31,U+8B58,識,0x2ECC4
1145,0x3C32,U+9D2B,鴫,0x2ED04
1146,0x3C33,U+7AFA,竺,0x2ED44
1147,0x3C34,U+8EF8,軸,0x2ED84
1148,0x3C35,U+5B8D,宍,0x2EDC4
1149,0x3C36,U+96EB,雫,0x2EE04
1150,0x3C37,U+4E03,七,0x2EE44
1151,0x3C38,U+53F1,叱,0x2EE84
1152,0x3C39,U+57F7,執,0x2EEC4
1153,0x3C3A,U+5931,失,0x2EF04
1154,0x3C3B,U+5AC9,嫉,0x2EF44
1155,0x3C3C,U+5BA4,室,0x2EF84
1156,0x3C3D,U+6089,悉,0x2EFC4
1157,0x3C3E,U+6E7F,湿,0x2F004
1158,0x3C3F,U+6F06,漆,0x2F044
1159,0x3C40,U+75BE,疾,0x2F084
1160,0x3C41,U+8CEA,質,0x2F0C4
1161,0x3C42,U+5B9F,実,0x2F104
1162,0x3C43,U+8500,蔀,0x2F144
1163,0x3C44,U+7BE0,篠,0x2F184
1164,0x3C45,U+5072,偲,0x2F1C4
1165,0x3C46,U+67F4,柴,0x2F204
1166,0x3C47,U+829D,芝,0x2F244
1167,0x3C48,U+5C61,屡,0x2F284
1168,0x3C49,U+854A,蕊,0x2F2C4
1169,0x3C4A,U+7E1E,縞,0x2F304
1170,0x3C4B,U+820E,舎,0x2F344
1171,0x3C4C,U+5199,写,0x2F384
1172,0x3C4D,U+5C04,射,0x2F3C4
1173,0x3C4E,U+6368,捨,0x2F404
1174,0x3C4F,U+8D66,赦,0x2F444
1175,0x3C50,U+659C,斜,0x2F484
1176,0x3C51,U+716E,煮,0x2F4C4
1177,0x3C52,U+793E,社,0x2F504
1178,0x3C53,U+7D17,紗,0x2F544
1179,0x3C54,U+8005,者,0x2F584
1180,0x3C55,U+8B1D,謝,0x2F5C4
1181,0x3C56,U+8ECA,車,0x2F604
1182,0x3C57,U+906E,遮,0x2F644
1183,0x3C58,U+86C7,蛇,0x2F684
1184,0x3C59,U+90AA,邪,0x2F6C4
1185,0x3C5A,U+501F,借,0x2F704
1186,0x3C5B,U+52FA,勺,0x2F744
1187,0x3C5C,U+5C3A,尺,0x2F784
1188,0x3C5D,U+6753,杓,0x2F7C4
1189,0x3C5E,U+707C,灼,0x2F804
1190,0x3C5F,U+7235,爵,0x2F844
1191,0x3C60,U+914C,酌,0x2F884
1192,0x3C61,U+91C8,釈,0x2F8C4
1193,0x3C62,U+932B,錫,0x2F904
1194,0x3C63,U+82E5,若,0x2F944
1195,0x3C64,U+5BC2,寂,0x2F984
1196,0x3C65,U+5F31,弱,0x2F9C4
1197,0x3C66,U+60F9,惹,0x2FA04
1198,0x3C67,U+4E3B,主,0x2FA44
1199,0x3C68,U+53D6,取,0x2FA84
1200,0x3C69,U+5B88,守,0x2FAC4
1201,0x3C6A,U+624B,手,0x2FB04
1202,0x3C6B,U+6731,朱,0x2FB44
1203,0x3C6C,U+6B8A,殊,0x2FB84
1204,0x3C6D,U+72E9,狩,0x2FBC4
1205,0x3C6E,U+73E0,珠,0x2FC04
1206,0x3C6F,U+7A2E,種,0x2FC44
1207,0x3C70,U+816B,腫,0x2FC84
1208,0x3C71,U+8DA3,趣,0x2FCC4
1209,0x3C72,U+9152,酒,0x2FD04
1210,0x3C73,U+9996,首,0x2FD44
1211,0x3C74,U+5112,儒,0x2FD84
1212,0x3C75,U+53D7,受,0x2FDC4
1213,0x3C76,U+546A,呪,0x2FE04
1214,0x3C77,U+5BFF,寿,0x2FE44
1215,0x3C78,U+6388,授,0x2FE84
1216,0x3C79,U+6A39,樹,0x2FEC4
1217,0x3C7A,U+7DAC,綬,0x2FF04
1218,0x3C7B,U+9700,需,0x2FF44
1219,0x3C7C,U+56DA,囚,0x2FF84
1220,0x3C7D,U+53CE,収,0x2FFC4
1221,0x3C7E,U+5468,周,0x30004
1222,0x3D21,U+5B97,宗,0x30044
1223,0x3D22,U+5C31,就,0x30084
1224,0x3D23,U+5DDE,州,0x300C4
1225,0x3D24,U+4FEE,修,0x30104
1226,0x3D25,U+6101,愁,0x30144
1227,0x3D26,U+62FE,拾,0x30184
1228,0x3D27,U+6D32,洲,0x301C4
1229,0x3D28,U+79C0,秀,0x30204
1230,0x3D29,U+79CB,秋,0x30244
1231,0x3D2A,U+7D42,終,0x30284
1232,0x3D2B,U+7E4D,繍,0x302C4
1233,0x3D2C,U+7FD2,習,0x30304
1234,0x3D2D,U+81ED,臭,0x30344
1235,0x3D2E,U+821F,舟,0x30384
1236,0x3D2F,U+8490,蒐,0x303C4
1237,0x3D30,U+8846,衆,0x30404
1238,0x3D31,U+8972,襲,0x30444
1239,0x3D32,U+8B90,讐,0x30484
1240,0x3D33,U+8E74,蹴,0x304C4
1241,0x3D34,U+8F2F,輯,0x30504
1242,0x3D35,U+9031,週,0x30544
1243,0x3D36,U+914B,酋,0x30584
1244,0x3D37,U+916C,酬,0x305C4
1245,0x3D38,U+96C6,集,0x30604
1246,0x3D39,U+919C,醜,0x30644
1247,0x3D3A,U+4EC0,什,0x30684
1248,0x3D3B,U+4F4F,住,0x306C4
1249,0x3D3C,U+5145,充,0x30704
1250,0x3D3D,U+5341,十,0x30744
1251,0x3D3E,U+5F93,従,0x30784
1252,0x3D3F,U+620E,戎,0x307C4
1253,0x3D40,U+67D4,柔,0x30804
1254,0x3D41,U+6C41,汁,0x30844
1255,0x3D42,U+6E0B,渋,0x30884
1256,0x3D43,U+7363,獣,0x308C4
1257,0x3D44,U+7E26,縦,0x30904
1258,0x3D45,U+91CD,重,0x30944
1259,0x3D46,U+9283,銃,0x30984
1260,0x3D47,U+53D4,叔,0x309C4
1261,0x3D48,U+5919,夙,0x30A04
1262,0x3D49,U+5BBF,宿,0x30A44
1263,0x3D4A,U+6DD1,淑,0x30A84
1264,0x3D4B,U+795D,祝,0x30AC4
1265,0x3D4C,U+7E2E,縮,0x30B04
1266,0x3D4D,U+7C9B,粛,0x30B44
1267,0x3D4E,U+587E,塾,0x30B84
1268,0x3D4F,U+719F,熟,0x30BC4
1269,0x3D50,U+51FA,出,0x30C04
1270,0x3D51,U+8853,術,0x30C44
1271,0x3D52,U+8FF0,述,0x30C84
1272,0x3D53,U+4FCA,俊,0x30CC4
1273,0x3D54,U+5CFB,峻,0x30D04
1274,0x3D55,U+6625,春,0x30D44
1275,0x3D56,U+77AC,瞬,0x30D84
1276,0x3D57,U+7AE3,竣,0x30DC4
1277,0x3D58,U+821C,舜,0x30E04
1278,0x3D59,U+99FF,駿,0x30E44
1279,0x3D5A,U+51C6,准,0x30E84
1280,0x3D5B,U+5FAA,循,0x30EC4
1281,0x3D5C,U+65EC,旬,0x30F04
1282,0x3D5D,U+696F,楯,0x30F44
1283,0x3D5E,U+6B89,殉,0x30F84
1284,0x3D5F,U+6DF3,淳,0x30FC4
1285,0x3D60,U+6E96,準,0x31004
1286,0x3D61,U+6F64,潤,0x31044
1287,0x3D62,U+76FE,盾,0x31084
1288,0x3D63,U+7D14,純,0x310C4
1289,0x3D64,U+5DE1,巡,0x31104
1290,0x3D65,U+9075,遵,0x31144
1291,0x3D66,U+9187,醇,0x31184
1292,0x3D67,U+9806,順,0x311C4
1293,0x3D68,U+51E6,処,0x31204
1294,0x3D69,U+521D,初,0x31244
1295,0x3D6A,U+6240,所,0x31284
1296,0x3D6B,U+6691,暑,0x312C4
1297,0x3D6C,U+66D9,曙,0x31304
1298,0x3D6D,U+6E1A,渚,0x31344
1299,0x3D6E,U+5EB6,庶,0x31384
1300,0x3D6F,U+7DD2,緒,0x313C4
1301,0x3D70,U+7F72,署,0x31404
1302,0x3D71,U+66F8,書,0x31444
1303,0x3D72,U+85AF,薯,0x31484
1304,0x3D73,U+85F7,藷,0x314C4
1305,0x3D74,U+8AF8,諸,0x31504
1306,0x3D75,U+52A9,助,0x31544
1307,0x3D76,U+53D9,叙,0x31584
1308,0x3D77,U+5973,女,0x315C4
1309,0x3D78,U+5E8F,序,0x31604
1310,0x3D79,U+5F90,徐,0x31644
1311,0x3D7A,U+6055,恕,0x31684
1312,0x3D7B,U+92E4,鋤,0x316C4
1313,0x3D7C,U+9664,除,0x31704
1314,0x3D7D,U+50B7,傷,0x31744
1315,0x3D7E,U+511F,償,0x31784
1316,0x3E21,U+52DD,勝,0x317C4
1317,0x3E22,U+5320,匠,0x31804
1318,0x3E23,U+5347,升,0x31844
1319,0x3E24,U+53EC,召,0x31884
1320,0x3E25,U+54E8,哨,0x318C4
1321,0x3E26,U+5546,商,0x31904
1322,0x3E27,U+5531,唱,0x31944
1323,0x3E28,U+5617,嘗,0x31984
1324,0x3E29,U+5968,奨,0x319C4
1325,0x3E2A,U+59BE,妾,0x31A04
1326,0x3E2B,U+5A3C,娼,0x31A44
1327,0x3E2C,U+5BB5,宵,0x31A84
1328,0x3E2D,U+5C06,将,0x31AC4
1329,0x3E2E,U+5C0F,小,0x31B04
1330,0x3E2F,U+5C11,少,0x31B44
1331,0x3E30,U+5C1A,尚,0x31B84
1332,0x3E31,U+5E84,庄,0x31BC4
1333,0x3E32,U+5E8A,床,0x31C04
1334,0x3E33,U+5EE0,廠,0x31C44
1335,0x3E34,U+5F70,彰,0x31C84
1336,0x3E35,U+627F,承,0x31CC4
1337,0x3E36,U+6284,抄,0x31D04
1338,0x3E37,U+62DB,招,0x31D44
1339,0x3E38,U+638C,掌,0x31D84
1340,0x3E39,U+6377,捷,0x31DC4
1341,0x3E3A,U+6607,昇,0x31E04
1342,0x3E3B,U+660C,昌,0x31E44
1343,0x3E3C,U+662D,昭,0x31E84
1344,0x3E3D,U+6676,晶,0x31EC4
1345,0x3E3E,U+677E,松,0x31F04
1346,0x3E3F,U+68A2,梢,0x31F44
1347,0x3E40,U+6A1F,樟,0x31F84
1348,0x3E41,U+6A35,樵,0x31FC4
1349,0x3E42,U+6CBC,沼,0x32004
1350,0x3E43,U+6D88,消,0x32044
1351,0x3E44,U+6E09,渉,0x32084
1352,0x3E45,U+6E58,湘,0x320C4
1353,0x3E46,U+713C,焼,0x32104
1354,0x3E47,U+7126,焦,0x32144
1355,0x3E48,U+7167,照,0x32184
1356,0x3E49,U+75C7,症,0x321C4
1357,0x3E4A,U+7701,省,0x32204
1358,0x3E4B,U+785D,硝,0x32244
1359,0x3E4C,U+7901,礁,0x32284
1360,0x3E4D,U+7965,祥,0x322C4
1361,0x3E4E,U+79F0,称,0x32304
1362,0x3E4F,U+7AE0,章,0x32344
1363,0x3E50,U+7B11,笑,0x32384
1364,0x3E51,U+7CA7,粧,0x323C4
1365,0x3E52,U+7D39,紹,0x32404
1366,0x3E53,U+8096,肖,0x32444
1367,0x3E54,U+83D6,菖,0x32484
1368,0x3E55,U+848B,蒋,0x324C4
1369,0x3E56,U+8549,蕉,0x32504
1370,0x3E57,U+885D,衝,0x32544
1371,0x3E58,U+88F3,裳,0x32584
1372,0x3E59,U+8A1F,訟,0x325C4
1373,0x3E5A,U+8A3C,証,0x32604
1374,0x3E5B,U+8A54,詔,0x32644
1375,0x3E5C,U+8A73,詳,0x32684
1376,0x3E5D,U+8C61,象,0x326C4
1377,0x3E5E,U+8CDE,賞,0x32704
1378,0x3E5F,U+91A4,醤,0x32744
1379,0x3E60,U+9266,鉦,0x32784
1380,0x3E61,U+937E,鍾,0x327C4
1381,0x3E62,U+9418,鐘,0x32804
1382,0x3E63,U+969C,障,0x32844
1383,0x3E64,U+9798,鞘,0x32884
1384,0x3E65,U+4E0A,上,0x328C4
1385,0x3E66,U+4E08,丈,0x32904
1386,0x3E67,U+4E1E,丞,0x32944
1387,0x3E68,U+4E57,乗,0x32984
1388,0x3E69,U+5197,冗,0x329C4
1389,0x3E6A,U+5270,剰,0x32A04
1390,0x3E6B,U+57CE,城,0x32A44
1391,0x3E6C,U+5834,場,0x32A84
1392,0x3E6D,U+58CC,壌,0x32AC4
1393,0x3E6E,U+5B22,嬢,0x32B04
1394,0x3E6F,U+5E38,常,0x32B44
1395,0x3E70,U+60C5,情,0x32B84
1396,0x3E71,U+64FE,擾,0x32BC4
1397,0x3E72,U+6761,条,0x32C04
1398,0x3E73,U+6756,杖,0x32C44
1399,0x3E74,U+6D44,浄,0x32C84
1400,0x3E75,U+72B6,状,0x32CC4
1401,0x3E76,U+7573,畳,0x32D04
1402,0x3E77,U+7A63,穣,0x32D44
1403,0x3E78,U+84B8,蒸,0x32D84
1404,0x3E79,U+8B72,譲,0x32DC4
1405,0x3E7A,U+91B8,醸,0x32E04
1406,0x3E7B,U+9320,錠,0x32E44
1407,0x3E7C,U+5631,嘱,0x32E84
1408,0x3E7D,U+57F4,埴,0x32EC4
1409,0x3E7E,U+98FE,飾,0x32F04
1410,0x3F21,U+62ED,拭,0x32F44
1411,0x3F22,U+690D,植,0x32F84
1412,0x3F23,U+6B96,殖,0x32FC4
1413,0x3F24,U+71ED,燭,0x33004
1414,0x3F25,U+7E54,織,0x33044
1415,0x3F26,U+8077,職,0x33084
1416,0x3F27,U+8272,色,0x330C4
1417,0x3F28,U+89E6,触,0x33104
1418,0x3F29,U+98DF,食,0x33144
1419,0x3F2A,U+8755,蝕,0x33184
1420,0x3F2B,U+8FB1,辱,0x331C4
1421,0x3F2C,U+5C3B,尻,0x33204
1422,0x3F2D,U+4F38,伸,0x33244
1423,0x3F2E,U+4FE1,信,0x33284
1424,0x3F2F,U+4FB5,侵,0x332C4
1425,0x3F30,U+5507,唇,0x33304
1426,0x3F31,U+5A20,娠,0x33344
1427,0x3F32,U+5BDD,寝,0x33384
1428,0x3F33,U+5BE9,審,0x333C4
1429,0x3F34,U+5FC3,心,0x33404
1430,0x3F35,U+614E,慎,0x33444
1431,0x3F36,U+632F,振,0x33484
1432,0x3F37,U+65B0,新,0x334C4
1433,0x3F38,U+664B,晋,0x33504
1434,0x3F39,U+68EE,森,0x33544
1435,0x3F3A,U+699B,榛,0x33584
1436,0x3F3B,U+6D78,浸,0x335C4
1437,0x3F3C,U+6DF1,深,0x33604
1438,0x3F3D,U+7533,申,0x33644
1439,0x3F3E,U+75B9,疹,0x33684
1440,0x3F3F,U+771F,真,0x336C4
1441,0x3F40,U+795E,神,0x33704
1442,0x3F41,U+79E6,秦,0x33744
1443,0x3F42,U+7D33,紳,0x33784
1444,0x3F43,U+81E3,臣,0x337C4
1445,0x3F44,U+82AF,芯,0x33804
1446,0x3F45,U+85AA,薪,0x33844
1447,0x3F46,U+89AA,親,0x33884
1448,0x3F47,U+8A3A,診,0x338C4
1449,0x3F48,U+8EAB,身,0x33904
1450,0x3F49,U+8F9B,辛,0x33944
1451,0x3F4A,U+9032,進,0x33984
1452,0x3F4B,U+91DD,針,0x339C4
1453,0x3F4C,U+9707,震,0x33A04
1454,0x3F4D,U+4EBA,人,0x33A44
1455,0x3F4E,U+4EC1,仁,0x33A84
1456,0x3F4F,U+5203,刃,0x33AC4
1457,0x3F50,U+5875,塵,0x33B04
1458,0x3F51,U+58EC,壬,0x33B44
1459,0x3F52,U+5C0B,尋,0x33B84
1460,0x3F53,U+751A,甚,0x33BC4
1461,0x3F54,U+5C3D,尽,0x33C04
1462,0x3F55,U+814E,腎,0x33C44
1463,0x3F56,U+8A0A,訊,0x33C84
1464,0x3F57,U+8FC5,迅,0x33CC4
1465,0x3F58,U+9663,陣,0x33D04
1466,0x3F59,U+976D,靭,0x33D44
1467,0x3F5A,U+7B25,笥,0x33D84
1468,0x3F5B,U+8ACF,諏,0x33DC4
1469,0x3F5C,U+9808,須,0x33E04
1470,0x3F5D,U+9162,酢,0x33E44
1471,0x3F5E,U+56F3,図,0x33E84
1472,0x3F5F,U+53A8,厨,0x33EC4
1473,0x3F60,U+9017,逗,0x33F04
1474,0x3F61,U+5439,吹,0x33F44
1475,0x3F62,U+5782,垂,0x33F84
1476,0x3F63,U+5E25,帥,0x33FC4
1477,0x3F64,U+63A8,推,0x34004
1478,0x3F65,U+6C34,水,0x34044
1479,0x3F66,U+708A,炊,0x34084
1480,0x3F67,U+7761,睡,0x340C4
1481,0x3F68,U+7C8B,粋,0x34104
1482,0x3F69,U+7FE0,翠,0x34144
1483,0x3F6A,U+8870,衰,0x34184
1484,0x3F6B,U+9042,遂,0x341C4
1485,0x3F6C,U+9154,酔,0x34204
1486,0x3F6D,U+9310,錐,0x34244
1487,0x3F6E,U+9318,錘,0x34284
1488,0x3F6F,U+968F,随,0x342C4
1489,0x3F70,U+745E,瑞,0x34304
1490,0x3F71,U+9AC4,髄,0x34344
1491,0x3F72,U+5D07,崇,0x34384
1492,0x3F73,U+5D69,嵩,0x343C4
1493,0x3F74,U+6570,数,0x34404
1494,0x3F75,U+67A2,枢,0x34444
1495,0x3F76,U+8DA8,趨,0x34484
1496,0x3F77,U+96DB,雛,0x344C4
1497,0x3F78,U+636E,据,0x34504
1498,0x3F79,U+6749,杉,0x34544
1499,0x3F7A,U+6919,椙,0x34584
1500,0x3F7B,U+83C5,菅,0x345C4
1501,0x3F7C,U+9817,頗,0x34604
1502,0x3F7D,U+96C0,雀,0x34644
1503,0x3F7E,U+88FE,裾,0x34684
1504,0x4021,U+6F84,澄,0x346C4
1505,0x4022,U+647A,摺,0x34704
1506,0x4023,U+5BF8,寸,0x34744
1507,0x4024,U+4E16,世,0x34784
1508,0x4025,U+702C,瀬,0x347C4
1509,0x4026,U+755D,畝,0x34804
1510,0x4027,U+662F,是,0x34844
1511,0x4028,U+51C4,凄,0x34884
1512,0x4029,U+5236,制,0x348C4
1513,0x402A,U+52E2,勢,0x34904
1514,0x402B,U+59D3,姓,0x34944
1515,0x402C,U+5F81,征,0x34984
1516,0x402D,U+6027,性,0x349C4
1517,0x402E,U+6210,成,0x34A04
1518,0x402F,U+653F,政,0x34A44
1519,0x4030,U+6574,整,0x34A84
1520,0x4031,U+661F,星,0x34AC4
1521,0x4032,U+6674,晴,0x34B04
1522,0x4033,U+68F2,棲,0x34B44
1523,0x4034,U+6816,栖,0x34B84
1524,0x4035,U+6B63,正,0x34BC4
1525,0x4036,U+6E05,清,0x34C04
1526,0x4037,U+7272,牲,0x34C44
1527,0x4038,U+751F,生,0x34C84
1528,0x4039,U+76DB,盛,0x34CC4
1529,0x403A,U+7CBE,精,0x34D04
1530,0x403B,U+8056,聖,0x34D44
1531,0x403C,U+58F0,声,0x34D84
1532,0x403D,U+88FD,製,0x34DC4
1533,0x403E,U+897F,西,0x34E04
1534,0x403F,U+8AA0,誠,0x34E44
1535,0x4040,U+8A93,誓,0x34E84
1536,0x4041,U+8ACB,請,0x34EC4
1537,0x4042,U+901D,逝,0x34F04
1538,0x4043,U+9192,醒,0x34F44
1539,0x4044,U+9752,青,0x34F84
1540,0x4045,U+9759,静,0x34FC4
1541,0x4046,U+6589,斉,0x35004
1542,0x4047,U+7A0E,税,0x35044
1543,0x4048,U+8106,脆,0x35084
1544,0x4049,U+96BB,隻,0x350C4
1545,0x404A,U+5E2D,席,0x35104
1546,0x404B,U+60DC,惜,0x35144
1547,0x404C,U+621A,戚,0x35184
1548,0x404D,U+65A5,斥,0x351C4
1549,0x404E,U+6614,昔,0x35204
1550,0x404F,U+6790,析,0x35244
1551,0x4050,U+77F3,石,0x35284
1552,0x4051,U+7A4D,積,0x352C4
1553,0x4052,U+7C4D,籍,0x35304
1554,0x4053,U+7E3E,績,0x35344
1555,0x4054,U+810A,脊,0x35384
1556,0x4055,U+8CAC,責,0x353C4
1557,0x4056,U+8D64,赤,0x35404
1558,0x4057,U+8DE1,跡,0x35444
1559,0x4058,U+8E5F,蹟,0x35484
1560,0x4059,U+78A9,碩,0x354C4
1561,0x405A,U+5207,切,0x35504
1562,0x405B,U+62D9,拙,0x35544
1563,0x405C,U+63A5,接,0x35584
1564,0x405D,U+6442,摂,0x355C4
1565,0x405E,U+6298,折,0x35604
1566,0x405F,U+8A2D,設,0x35644
1567,0x4060,U+7A83,窃,0x35684
1568,0x4061,U+7BC0,節,0x356C4
1569,0x4062,U+8AAC,説,0x35704
1570,0x4063,U+96EA,雪,0x35744
1571,0x4064,U+7D76,絶,0x35784
1572,0x4065,U+820C,舌,0x357C4
1573,0x4066,U+8749,蝉,0x35804
1574,0x4067,U+4ED9,仙,0x35844
1575,0x4068,U+5148,先,0x35884
1576,0x4069,U+5343,千,0x358C4
1577,0x406A,U+5360,占,0x35904
1578,0x406B,U+5BA3,宣,0x35944
1579,0x406C,U+5C02,専,0x35984
1580,0x406D,U+5C16,尖,0x359C4
1581,0x406E,U+5DDD,川,0x35A04
1582,0x406F,U+6226,戦,0x35A44
1583,0x4070,U+6247,扇,0x35A84
1584,0x4071,U+64B0,撰,0x35AC4
1585,0x4072,U+6813,栓,0x35B04
1586,0x4073,U+6834,栴,0x35B44
1587,0x4074,U+6CC9,泉,0x35B84
1588,0x4075,U+6D45,浅,0x35BC4
1589,0x4076,U+6D17,洗,0x35C04
1590,0x4077,U+67D3,染,0x35C44
1591,0x4078,U+6F5C,潜,0x35C84
1592,0x4079,U+714E,煎,0x35CC4
1593,0x407A,U+717D,煽,0x35D04
1594,0x407B,U+65CB,旋,0x35D44
1595,0x407C,U+7A7F,穿,0x35D84
1596,0x407D,U+7BAD,箭,0x35DC4
1597,0x407E,U+7DDA,線,0x35E04
1598,0x4121,U+7E4A,繊,0x35E44
1599,0x4122,U+7FA8,羨,0x35E84
1600,0x4123,U+817A,腺,0x35EC4
1601,0x4124,U+821B,舛,0x35F04
1602,0x4125,U+8239,船,0x35F44
1603,0x4126,U+85A6,薦,0x35F84
1604,0x4127,U+8A6E,詮,0x35FC4
1605,0x4128,U+8CCE,賎,0x36004
1606,0x4129,U+8DF5,践,0x36044
1607,0x412A,U+9078,選,0x36084
1608,0x412B,U+9077,遷,0x360C4
1609,0x412C,U+92AD,銭,0x36104
1610,0x412D,U+9291,銑,0x36144
1611,0x412E,U+9583,閃,0x36184
1612,0x412F,U+9BAE,鮮,0x361C4
1613,0x4130,U+524D,前,0x36204
1614,0x4131,U+5584,善,0x36244
1615,0x4132,U+6F38,漸,0x36284
1616,0x4133,U+7136,然,0x362C4
1617,0x4134,U+5168,全,0x36304
1618,0x4135,U+7985,禅,0x36344
1619,0x4136,U+7E55,繕,0x36384
1620,0x4137,U+81B3,膳,0x363C4
1621,0x4138,U+7CCE,糎,0x36404
1622,0x4139,U+564C,噌,0x36444
1623,0x413A,U+5851,塑,0x36484
1624,0x413B,U+5CA8,岨,0x364C4
1625,0x413C,U+63AA,措,0x36504
1626,0x413D,U+66FE,曾,0x36544
1627,0x413E,U+66FD,曽,0x36584
1628,0x413F,U+695A,楚,0x365C4
1629,0x4140,U+72D9,狙,0x36604
1630,0x4141,U+758F,疏,0x36644
1631,0x4142,U+758E,疎,0x36684
1632,0x4143,U+790E,礎,0x366C4
1633,0x4144,U+7956,祖,0x36704
1634,0x4145,U+79DF,租,0x36744
1635,0x4146,U+7C97,粗,0x36784
1636,0x4147,U+7D20,素,0x367C4
1637,0x4148,U+7D44,組,0x36804
1638,0x4149,U+8607,蘇,0x36844
1639,0x414A,U+8A34,訴,0x36884
1640,0x414B,U+963B,阻,0x368C4
1641,0x414C,U+9061,遡,0x36904
1642,0x414D,U+9F20,鼠,0x36944
1643,0x414E,U+50E7,僧,0x36984
1644,0x414F,U+5275,創,0x369C4
1645,0x4150,U+53CC,双,0x36A04
1646,0x4151,U+53E2,叢,0x36A44
1647,0x4152,U+5009,倉,0x36A84
1648,0x4153,U+55AA,喪,0x36AC4
1649,0x4154,U+58EE,壮,0x36B04
1650,0x4155,U+594F,奏,0x36B44
1651,0x4156,U+723D,爽,0x36B84
1652,0x4157,U+5B8B,宋,0x36BC4
1653,0x4158,U+5C64,層,0x36C04
1654,0x4159,U+531D,匝,0x36C44
1655,0x415A,U+60E3,惣,0x36C84
1656,0x415B,U+60F3,想,0x36CC4
1657,0x415C,U+635C,捜,0x36D04
1658,0x415D,U+6383,掃,0x36D44
1659,0x415E,U+633F,挿,0x36D84
1660,0x415F,U+63BB,掻,0x36DC4
1661,0x4160,U+64CD,操,0x36E04
1662,0x4161,U+65E9,早,0x36E44
1663,0x4162,U+66F9,曹,0x36E84
1664,0x4163,U+5DE3,巣,0x36EC4
1665,0x4164,U+69CD,槍,0x36F04
1666,0x4165,U+69FD,槽,0x36F44
1667,0x4166,U+6F15,漕,0x36F84
1668,0x4167,U+71E5,燥,0x36FC4
1669,0x4168,U+4E89,争,0x37004
1670,0x4169,U+75E9,痩,0x37044
1671,0x416A,U+76F8,相,0x37084
1672,0x416B,U+7A93,窓,0x370C4
1673,0x416C,U+7CDF,糟,0x37104
1674,0x416D,U+7DCF,総,0x37144
1675,0x416E,U+7D9C,綜,0x37184
1676,0x416F,U+8061,聡,0x371C4
1677,0x4170,U+8349,草,0x37204
1678,0x4171,U+8358,荘,0x37244
1679,0x4172,U+846C,葬,0x37284
1680,0x4173,U+84BC,蒼,0x372C4
1681,0x4174,U+85FB,藻,0x37304
1682,0x4175,U+88C5,装,0x37344
1683,0x4176,U+8D70,走,0x37384
1684,0x4177,U+9001,送,0x373C4
1685,0x4178,U+906D,遭,0x37404
1686,0x4179,U+9397,鎗,0x37444
1687,0x417A,U+971C,霜,0x37484
1688,0x417B,U+9A12,騒,0x374C4
1689,0x417C,U+50CF,像,0x37504
1690,0x417D,U+5897,増,0x37544
1691,0x417E,U+618E,憎,0x37584
1692,0x4221,U+81D3,臓,0x375C4
1693,0x4222,U+8535,蔵,0x37604
1694,0x4223,U+8D08,贈,0x37644
1695,0x4224,U+9020,造,0x37684
1696,0x4225,U+4FC3,促,0x376C4
1697,0x4226,U+5074,側,0x37704
1698,0x4227,U+5247,則,0x37744
1699,0x4228,U+5373,即,0x37784
1700,0x4229,U+606F,息,0x377C4
1701,0x422A,U+6349,捉,0x37804
1702,0x422B,U+675F,束,0x37844
1703,0x422C,U+6E2C,測,0x37884
1704,0x422D,U+8DB3,足,0x378C4
1705,0x422E,U+901F,速,0x37904
1706,0x422F,U+4FD7,俗,0x37944
1707,0x4230,U+5C5E,属,0x37984
1708,0x4231,U+8CCA,賊,0x379C4
1709,0x4232,U+65CF,族,0x37A04
1710,0x4233,U+7D9A,続,0x37A44
1711,0x4234,U+5352,卒,0x37A84
1712,0x4235,U+8896,袖,0x37AC4
1713,0x4236,U+5176,其,0x37B04
1714,0x4237,U+63C3,揃,0x37B44
1715,0x4238,U+5B58,存,0x37B84
1716,0x4239,U+5B6B,孫,0x37BC4
1717,0x423A,U+5C0A,尊,0x37C04
1718,0x423B,U+640D,損,0x37C44
1719,0x423C,U+6751,村,0x37C84
1720,0x423D,U+905C,遜,0x37CC4
1721,0x423E,U+4ED6,他,0x37D04
1722,0x423F,U+591A,多,0x37D44
1723,0x4240,U+592A,太,0x37D84
1724,0x4241,U+6C70,汰,0x37DC4
1725,0x4242,U+8A51,詑,0x37E04
1726,0x4243,U+553E,唾,0x37E44
1727,0x4244,U+5815,堕,0x37E84
1728,0x4245,U+59A5,妥,0x37EC4
1729,0x4246,U+60F0,惰,0x37F04
1730,0x4247,U+6253,打,0x37F44
1731,0x4248,U+67C1,柁,0x37F84
1732,0x4249,U+8235,舵,0x37FC4
1733,0x424A,U+6955,楕,0x38004
1734,0x424B,U+9640,陀,0x38044
1735,0x424C,U+99C4,駄,0x38084
1736,0x424D,U+9A28,騨,0x380C4
1737,0x424E,U+4F53,体,0x38104
1738,0x424F,U+5806,堆,0x38144
1739,0x4250,U+5BFE,対,0x38184
1740,0x4251,U+8010,耐,0x381C4
1741,0x4252,U+5CB1,岱,0x38204
1742,0x4253,U+5E2F,帯,0x38244
1743,0x4254,U+5F85,待,0x38284
1744,0x4255,U+6020,怠,0x382C4
1745,0x4256,U+614B,態,0x38304
1746,0x4257,U+6234,戴,0x38344
1747,0x4258,U+66FF,替,0x38384
1748,0x4259,U+6CF0,泰,0x383C4
1749,0x425A,U+6EDE,滞,0x38404
1750,0x425B,U+80CE,胎,0x38444
1751,0x425C,U+817F,腿,0x38484
1752,0x425D,U+82D4,苔,0x384C4
1753,0x425E,U+888B,袋,0x38504
1754,0x425F,U+8CB8,貸,0x38544
1755,0x4260,U+9000,退,0x38584
1756,0x4261,U+902E,逮,0x385C4
1757,0x4262,U+968A,隊,0x38604
1758,0x4263,U+9EDB,黛,0x38644
1759,0x4264,U+9BDB,鯛,0x38684
1760,0x4265,U+4EE3,代,0x386C4
1761,0x4266,U+53F0,台,0x38704
1762,0x4267,U+5927,大,0x38744
1763,0x4268,U+7B2C,第,0x38784
1764,0x4269,U+918D,醍,0x387C4
1765,0x426A,U+984C,題,0x38804
1766,0x426B,U+9DF9,鷹,0x38844
1767,0x426C,U+6EDD,滝,0x38884
1768,0x426D,U+7027,瀧,0x388C4
1769,0x426E,U+5353,卓,0x38904
1770,0x426F,U+5544,啄,0x38944
1771,0x4270,U+5B85,宅,0x38984
1772,0x4271,U+6258,托,0x389C4
1773,0x4272,U+629E,択,0x38A04
1774,0x4273,U+62D3,拓,0x38A44
1775,0x4274,U+6CA2,沢,0x38A84
1776,0x4275,U+6FEF,濯,0x38AC4
1777,0x4276,U+7422,琢,0x38B04
1778,0x4277,U+8A17,託,0x38B44
1779,0x4278,U+9438,鐸,0x38B84
1780,0x4279,U+6FC1,濁,0x38BC4
1781,0x427A,U+8AFE,諾,0x38C04
1782,0x427B,U+8338,茸,0x38C44
1783,0x427C,U+51E7,凧,0x38C84
1784,0x427D,U+86F8,蛸,0x38CC4
1785,0x427E,U+53EA,只,0x38D04
1786,0x4321,U+53E9,叩,0x38D44
1787,0x4322,U+4F46,但,0x38D84
1788,0x4323,U+9054,達,0x38DC4
1789,0x4324,U+8FB0,辰,0x38E04
1790,0x4325,U+596A,奪,0x38E44
1791,0x4326,U+8131,脱,0x38E84
1792,0x4327,U+5DFD,巽,0x38EC4
1793,0x4328,U+7AEA,竪,0x38F04
1794,0x4329,U+8FBF,辿,0x38F44
1795,0x432A,U+68DA,棚,0x38F84
1796,0x432B,U+8C37,谷,0x38FC4
1797,0x432C,U+72F8,狸,0x39004
1798,0x432D,U+9C48,鱈,0x39044
1799,0x432E,U+6A3D,樽,0x39084
1800,0x432F,U+8AB0,誰,0x390C4
1801,0x4330,U+4E39,丹,0x39104
1802,0x4331,U+5358,単,0x39144
1803,0x4332,U+5606,嘆,0x39184
1804,0x4333,U+5766,坦,0x391C4
1805,0x4334,U+62C5,担,0x39204
1806,0x4335,U+63A2,探,0x39244
1807,0x4336,U+65E6,旦,0x39284
1808,0x4337,U+6B4E,歎,0x392C4
1809,0x4338,U+6DE1,淡,0x39304
1810,0x4339,U+6E5B,湛,0x39344
1811,0x433A,U+70AD,炭,0x39384
1812,0x433B,U+77ED,短,0x393C4
1813,0x433C,U+7AEF,端,0x39404
1814,0x433D,U+7BAA,箪,0x39444
1815,0x433E,U+7DBB,綻,0x39484
1816,0x433F,U+803D,耽,0x394C4
1817,0x4340,U+80C6,胆,0x39504
1818,0x4341,U+86CB,蛋,0x39544
1819,0x4342,U+8A95,誕,0x39584
1820,0x4343,U+935B,鍛,0x395C4
1821,0x4344,U+56E3,団,0x39604
1822,0x4345,U+58C7,壇,0x39644
1823,0x4346,U+5F3E,弾,0x39684
1824,0x4347,U+65AD,断,0x396C4
1825,0x4348,U+6696,暖,0x39704
1826,0x4349,U+6A80,檀,0x39744
1827,0x434A,U+6BB5,段,0x39784
1828,0x434B,U+7537,男,0x397C4
1829,0x434C,U+8AC7,談,0x39804
1830,0x434D,U+5024,値,0x39844
1831,0x434E,U+77E5,知,0x39884
1832,0x434F,U+5730,地,0x398C4
1833,0x4350,U+5F1B,弛,0x39904
1834,0x4351,U+6065,恥,0x39944
1835,0x4352,U+667A,智,0x39984
1836,0x4353,U+6C60,池,0x399C4
1837,0x4354,U+75F4,痴,0x39A04
1838,0x4355,U+7A1A,稚,0x39A44
1839,0x4356,U+7F6E,置,0x39A84
1840,0x4357,U+81F4,致,0x39AC4
1841,0x4358,U+8718,蜘,0x39B04
1842,0x4359,U+9045,遅,0x39B44
1843,0x435A,U+99B3,馳,0x39B84
1844,0x435B,U+7BC9,築,0x39BC4
1845,0x435C,U+755C,畜,0x39C04
1846,0x435D,U+7AF9,竹,0x39C44
1847,0x435E,U+7B51,筑,0x39C84
1848,0x435F,U+84C4,蓄,0x39CC4
1849,0x4360,U+9010,逐,0x39D04
1850,0x4361,U+79E9,秩,0x39D44
1851,0x4362,U+7A92,窒,0x39D84
1852,0x4363,U+8336,茶,0x39DC4
1853,0x4364,U+5AE1,嫡,0x39E04
1854,0x4365,U+7740,着,0x39E44
1855,0x4366,U+4E2D,中,0x39E84
1856,0x4367,U+4EF2,仲,0x39EC4
1857,0x4368,U+5B99,宙,0x39F04
1858,0x4369,U+5FE0,忠,0x39F44
1859,0x436A,U+62BD,抽,0x39F84
1860,0x436B,U+663C,昼,0x39FC4
1861,0x436C,U+67F1,柱,0x3A004
1862,0x436D,U+6CE8,注,0x3A044
1863,0x436E,U+866B,虫,0x3A084
1864,0x436F,U+8877,衷,0x3A0C4
1865,0x4370,U+8A3B,註,0x3A104
1866,0x4371,U+914E,酎,0x3A144
1867,0x4372,U+92F3,鋳,0x3A184
1868,0x4373,U+99D0,駐,0x3A1C4
1869,0x4374,U+6A17,樗,0x3A204
1870,0x4375,U+7026,瀦,0x3A244
1871,0x4376,U+732A,猪,0x3A284
1872,0x4377,U+82E7,苧,0x3A2C4
1873,0x4378,U+8457,著,0x3A304
1874,0x4379,U+8CAF,貯,0x3A344
1875,0x437A,U+4E01,丁,0x3A384
1876,0x437B,U+5146,兆,0x3A3C4
1877,0x437C,U+51CB,凋,0x3A404
1878,0x437D,U+558B,喋,0x3A444
1879,0x437E,U+5BF5,寵,0x3A484
1880,0x4421,U+5E16,帖,0x3A4C4
1881,0x4422,U+5E33,帳,0x3A504
1882,0x4423,U+5E81,庁,0x3A544
1883,0x4424,U+5F14,弔,0x3A584
1884,0x4425,U+5F35,張,0x3A5C4
1885,0x4426,U+5F6B,彫,0x3A604
1886,0x4427,U+5FB4,徴,0x3A644
1887,0x4428,U+61F2,懲,0x3A684
1888,0x4429,U+6311,挑,0x3A6C4
1889,0x442A,U+66A2,暢,0x3A704
1890,0x442B,U+671D,朝,0x3A744
1891,0x442C,U+6F6E,潮,0x3A784
1892,0x442D,U+7252,牒,0x3A7C4
1893,0x442E,U+753A,町,0x3A804
1894,0x442F,U+773A,眺,0x3A844
1895,0x4430,U+8074,聴,0x3A884
1896,0x4431,U+8139,脹,0x3A8C4
1897,0x4432,U+8178,腸,0x3A904
1898,0x4433,U+8776,蝶,0x3A944
1899,0x4434,U+8ABF,調,0x3A984
1900,0x4435,U+8ADC,諜,0x3A9C4
1901,0x4436,U+8D85,超,0x3AA04
1902,0x4437,U+8DF3,跳,0x3AA44
1903,0x4438,U+929A,銚,0x3AA84
1904,0x4439,U+9577,長,0x3AAC4
1905,0x443A,U+9802,頂,0x3AB04
1906,0x443B,U+9CE5,鳥,0x3AB44
1907,0x443C,U+52C5,勅,0x3AB84
1908,0x443D,U+6357,捗,0x3ABC4
1909,0x443E,U+76F4,直,0x3AC04
1910,0x443F,U+6715,朕,0x3AC44
1911,0x4440,U+6C88,沈,0x3AC84
1912,0x4441,U+73CD,珍,0x3ACC4
1913,0x4442,U+8CC3,賃,0x3AD04
1914,0x4443,U+93AE,鎮,0x3AD44
1915,0x4444,U+9673,陳,0x3AD84
1916,0x4445,U+6D25,津,0x3ADC4
1917,0x4446,U+589C,墜,0x3AE04
1918,0x4447,U+690E,椎,0x3AE44
1919,0x4448,U+69CC,槌,0x3AE84
1920,0x4449,U+8FFD,追,0x3AEC4
1921,0x444A,U+939A,鎚,0x3AF04
1922,0x444B,U+75DB,痛,0x3AF44
1923,0x444C,U+901A,通,0x3AF84
1924,0x444D,U+585A,塚,0x3AFC4
1925,0x444E,U+6802,栂,0x3B004
1926,0x444F,U+63B4,掴,0x3B044
1927,0x4450,U+69FB,槻,0x3B084
1928,0x4451,U+4F43,佃,0x3B0C4
1929,0x4452,U+6F2C,漬,0x3B104
1930,0x4453,U+67D8,柘,0x3B144
1931,0x4454,U+8FBB,辻,0x3B184
1932,0x4455,U+8526,蔦,0x3B1C4
1933,0x4456,U+7DB4,綴,0x3B204
1934,0x4457,U+9354,鍔,0x3B244
1935,0x4458,U+693F,椿,0x3B284
1936,0x4459,U+6F70,潰,0x3B2C4
1937,0x445A,U+576A,坪,0x3B304
1938,0x445B,U+58F7,壷,0x3B344
1939,0x445C,U+5B2C,嬬,0x3B384
1940,0x445D,U+7D2C,紬,0x3B3C4
1941,0x445E,U+722A,爪,0x3B404
1942,0x445F,U+540A,吊,0x3B444
1943,0x4460,U+91E3,釣,0x3B484
1944,0x4461,U+9DB4,鶴,0x3B4C4
1945,0x4462,U+4EAD,亭,0x3B504
1946,0x4463,U+4F4E,低,0x3B544
1947,0x4464,U+505C,停,0x3B584
1948,0x4465,U+5075,偵,0x3B5C4
1949,0x4466,U+5243,剃,0x3B604
1950,0x4467,U+8C9E,貞,0x3B644
1951,0x4468,U+5448,呈,0x3B684
1952,0x4469,U+5824,堤,0x3B6C4
1953,0x446A,U+5B9A,定,0x3B704
1954,0x446B,U+5E1D,帝,0x3B744
1955,0x446C,U+5E95,底,0x3B784
1956,0x446D,U+5EAD,庭,0x3B7C4
1957,0x446E,U+5EF7,廷,0x3B804
1958,0x446F,U+5F1F,弟,0x3B844
1959,0x4470,U+608C,悌,0x3B884
1960,0x4471,U+62B5,抵,0x3B8C4
1961,0x4472,U+633A,挺,0x3B904
1962,0x4473,U+63D0,提,0x3B944
1963,0x4474,U+68AF,梯,0x3B984
1964,0x4475,U+6C40,汀,0x3B9C4
1965,0x4476,U+7887,碇,0x3BA04
1966,0x4477,U+798E,禎,0x3BA44
1967,0x4478,U+7A0B,程,0x3BA84
1968,0x4479,U+7DE0,締,0x3BAC4
1969,0x447A,U+8247,艇,0x3BB04
1970,0x447B,U+8A02,訂,0x3BB44
1971,0x447C,U+8AE6,諦,0x3BB84
1972,0x447D,U+8E44,蹄,0x3BBC4
1973,0x447E,U+9013,逓,0x3BC04
1974,0x4521,U+90B8,邸,0x3BC44
1975,0x4522,U+912D,鄭,0x3BC84
1976,0x4523,U+91D8,釘,0x3BCC4
1977,0x4524,U+9F0E,鼎,0x3BD04
1978,0x4525,U+6CE5,泥,0x3BD44
1979,0x4526,U+6458,摘,0x3BD84
1980,0x4527,U+64E2,擢,0x3BDC4
1981,0x4528,U+6575,敵,0x3BE04
1982,0x4529,U+6EF4,滴,0x3BE44
1983,0x452A,U+7684,的,0x3BE84
1984,0x452B,U+7B1B,笛,0x3BEC4
1985,0x452C,U+9069,適,0x3BF04
1986,0x452D,U+93D1,鏑,0x3BF44
1987,0x452E,U+6EBA,溺,0x3BF84
1988,0x452F,U+54F2,哲,0x3BFC4
1989,0x4530,U+5FB9,徹,0x3C004
1990,0x4531,U+64A4,撤,0x3C044
1991,0x4532,U+8F4D,轍,0x3C084
1992,0x4533,U+8FED,迭,0x3C0C4
1993,0x4534,U+9244,鉄,0x3C104
1994,0x4535,U+5178,典,0x3C144
1995,0x4536,U+586B,填,0x3C184
1996,0x4537,U+5929,天,0x3C1C4
1997,0x4538,U+5C55,展,0x3C204
1998,0x4539,U+5E97,店,0x3C244
1999,0x453A,U+6DFB,添,0x3C284
2000,0x453B,U+7E8F,纏,0x3C2C4
2001,0x453C,U+751C,甜,0x3C304
2002,0x453D,U+8CBC,貼,0x3C344
2003,0x453E,U+8EE2,転,0x3C384
2004,0x453F,U+985B,顛,0x3C3C4
2005,0x4540,U+70B9,点,0x3C404
2006,0x4541,U+4F1D,伝,0x3C444
2007,0x4542,U+6BBF,殿,0x3C484
2008,0x4543,U+6FB1,澱,0x3C4C4
2009,0x4544,U+7530,田,0x3C504
2010,0x4545,U+96FB,電,0x3C544
2011,0x4546,U+514E,兎,0x3C584
2012,0x4547,U+5410,吐,0x3C5C4
2013,0x4548,U+5835,堵,0x3C604
2014,0x4549,U+5857,塗,0x3C644
2015,0x454A,U+59AC,妬,0x3C684
2016,0x454B,U+5C60,屠,0x3C6C4
2017,0x454C,U+5F92,徒,0x3C704
2018,0x454D,U+6597,斗,0x3C744
2019,0x454E,U+675C,杜,0x3C784
2020,0x454F,U+6E21,渡,0x3C7C4
2021,0x4550,U+767B,登,0x3C804
2022,0x4551,U+83DF,菟,0x3C844
2023,0x4552,U+8CED,賭,0x3C884
2024,0x4553,U+9014,途,0x3C8C4
2025,0x4554,U+90FD,都,0x3C904
2026,0x4555,U+934D,鍍,0x3C944
2027,0x4556,U+7825,砥,0x3C984
2028,0x4557,U+783A,砺,0x3C9C4
2029,0x4558,U+52AA,努,0x3CA04
2030,0x4559,U+5EA6,度,0x3CA44
2031,0x455A,U+571F,土,0x3CA84
2032,0x455B,U+5974,奴,0x3CAC4
2033,0x455C,U+6012,怒,0x3CB04
2034,0x455D,U+5012,倒,0x3CB44
2035,0x455E,U+515A,党,0x3CB84
2036,0x455F,U+51AC,冬,0x3CBC4
2037,0x4560,U+51CD,凍,0x3CC04
2038,0x4561,U+5200,刀,0x3CC44
2039,0x4562,U+5510,唐,0x3CC84
2040,0x4563,U+5854,塔,0x3CCC4
2041,0x4564,U+5858,塘,0x3CD04
2042,0x4565,U+5957,套,0x3CD44
2043,0x4566,U+5B95,宕,0x3CD84
2044,0x4567,U+5CF6,島,0x3CDC4
2045,0x4568,U+5D8B,嶋,0x3CE04
2046,0x4569,U+60BC,悼,0x3CE44
2047,0x456A,U+6295,投,0x3CE84
2048,0x456B,U+642D,搭,0x3CEC4
2049,0x456C,U+6771,東,0x3CF04
2050,0x456D,U+6843,桃,0x3CF44
2051,0x456E,U+68BC,梼,0x3CF84
2052,0x456F,U+68DF,棟,0x3CFC4
2053,0x4570,U+76D7,盗,0x3D004
2054,0x4571,U+6DD8,淘,0x3D044
2055,0x4572,U+6E6F,湯,0x3D084
2056,0x4573,U+6D9B,涛,0x3D0C4
2057,0x4574,U+706F,灯,0x3D104
2058,0x4575,U+71C8,燈,0x3D144
2059,0x4576,U+5F53,当,0x3D184
2060,0x4577,U+75D8,痘,0x3D1C4
2061,0x4578,U+7977,祷,0x3D204
2062,0x4579,U+7B49,等,0x3D244
2063,0x457A,U+7B54,答,0x3D284
2064,0x457B,U+7B52,筒,0x3D2C4
2065,0x457C,U+7CD6,糖,0x3D304
2066,0x457D,U+7D71,統,0x3D344
2067,0x457E,U+5230,到,0x3D384
2068,0x4621,U+8463,董,0x3D3C4
2069,0x4622,U+8569,蕩,0x3D404
2070,0x4623,U+85E4,藤,0x3D444
2071,0x4624,U+8A0E,討,0x3D484
2072,0x4625,U+8B04,謄,0x3D4C4
2073,0x4626,U+8C46,豆,0x3D504
2074,0x4627,U+8E0F,踏,0x3D544
2075,0x4628,U+9003,逃,0x3D584
2076,0x4629,U+900F,透,0x3D5C4
2077,0x462A,U+9419,鐙,0x3D604
2078,0x462B,U+9676,陶,0x3D644
2079,0x462C,U+982D,頭,0x3D684
2080,0x462D,U+9A30,騰,0x3D6C4
2081,0x462E,U+95D8,闘,0x3D704
2082,0x462F,U+50CD,働,0x3D744
2083,0x4630,U+52D5,動,0x3D784
2084,0x4631,U+540C,同,0x3D7C4
2085,0x4632,U+5802,堂,0x3D804
2086,0x4633,U+5C0E,導,0x3D844
2087,0x4634,U+61A7,憧,0x3D884
2088,0x4635,U+649E,撞,0x3D8C4
2089,0x4636,U+6D1E,洞,0x3D904
2090,0x4637,U+77B3,瞳,0x3D944
2091,0x4638,U+7AE5,童,0x3D984
2092,0x4639,U+80F4,胴,0x3D9C4
2093,0x463A,U+8404,萄,0x3DA04
2094,0x463B,U+9053,道,0x3DA44
2095,0x463C,U+9285,銅,0x3DA84
2096,0x463D,U+5CE0,峠,0x3DAC4
2097,0x463E,U+9D07,鴇,0x3DB04
2098,0x463F,U+533F,匿,0x3DB44
2099,0x4640,U+5F97,得,0x3DB84
2100,0x4641,U+5FB3,徳,0x3DBC4
2101,0x4642,U+6D9C,涜,0x3DC04
2102,0x4643,U+7279,特,0x3DC44
2103,0x4644,U+7763,督,0x3DC84
2104,0x4645,U+79BF,禿,0x3DCC4
2105,0x4646,U+7BE4,篤,0x3DD04
2106,0x4647,U+6BD2,毒,0x3DD44
2107,0x4648,U+72EC,独,0x3DD84
2108,0x4649,U+8AAD,読,0x3DDC4
2109,0x464A,U+6803,栃,0x3DE04
2110,0x464B,U+6A61,橡,0x3DE44
2111,0x464C,U+51F8,凸,0x3DE84
2112,0x464D,U+7A81,突,0x3DEC4
2113,0x464E,U+6934,椴,0x3DF04
2114,0x464F,U+5C4A,届,0x3DF44
2115,0x4650,U+9CF6,鳶,0x3DF84
2116,0x4651,U+82EB,苫,0x3DFC4
2117,0x4652,U+5BC5,寅,0x3E004
2118,0x4653,U+9149,酉,0x3E044
2119,0x4654,U+701E,瀞,0x3E084
2120,0x4655,U+5678,噸,0x3E0C4
2121,0x4656,U+5C6F,屯,0x3E104
2122,0x4657,U+60C7,惇,0x3E144
2123,0x4658,U+6566,敦,0x3E184
2124,0x4659,U+6C8C,沌,0x3E1C4
2125,0x465A,U+8C5A,豚,0x3E204
2126,0x465B,U+9041,遁,0x3E244
2127,0x465C,U+9813,頓,0x3E284
2128,0x465D,U+5451,呑,0x3E2C4
2129,0x465E,U+66C7,曇,0x3E304
2130,0x465F,U+920D,鈍,0x3E344
2131,0x4660,U+5948,奈,0x3E384
2132,0x4661,U+90A3,那,0x3E3C4
2133,0x4662,U+5185,内,0x3E404
2134,0x4663,U+4E4D,乍,0x3E444
2135,0x4664,U+51EA,凪,0x3E484
2136,0x4665,U+8599,薙,0x3E4C4
2137,0x4666,U+8B0E,謎,0x3E504
2138,0x4667,U+7058,灘,0x3E544
2139,0x4668,U+637A,捺,0x3E584
2140,0x4669,U+934B,鍋,0x3E5C4
2141,0x466A,U+6962,楢,0x3E604
2142,0x466B,U+99B4,馴,0x3E644
2143,0x466C,U+7E04,縄,0x3E684
2144,0x466D,U+7577,畷,0x3E6C4
2145,0x466E,U+5357,南,0x3E704
2146,0x466F,U+6960,楠,0x3E744
2147,0x4670,U+8EDF,軟,0x3E784
2148,0x4671,U+96E3,難,0x3E7C4
2149,0x4672,U+6C5D,汝,0x3E804
2150,0x4673,U+4E8C,二,0x3E844
2151,0x4674,U+5C3C,尼,0x3E884
2152,0x4675,U+5F10,弐,0x3E8C4
2153,0x4676,U+8FE9,迩,0x3E904
2154,0x4677,U+5302,匂,0x3E944
2155,0x4678,U+8CD1,賑,0x3E984
2156,0x4679,U+8089,肉,0x3E9C4
2157,0x467A,U+8679,虹,0x3EA04
2158,0x467B,U+5EFF,廿,0x3EA44
2159,0x467C,U+65E5,日,0x3EA84
2160,0x467D,U+4E73,乳,0x3EAC4
2161,0x467E,U+5165,入,0x3EB04
2162,0x4721,U+5982,如,0x3EB44
2163,0x4722,U+5C3F,尿,0x3EB84
2164,0x4723,U+97EE,韮,0x3EBC4
2165,0x4724,U+4EFB,任,0x3EC04
2166,0x4725,U+598A,妊,0x3EC44
2167,0x4726,U+5FCD,忍,0x3EC84
2168,0x4727,U+8A8D,認,0x3ECC4
2169,0x4728,U+6FE1,濡,0x3ED04
2170,0x4729,U+79B0,禰,0x3ED44
2171,0x472A,U+7962,祢,0x3ED84
2172,0x472B,U+5BE7,寧,0x3EDC4
2173,0x472C,U+8471,葱,0x3EE04
2174,0x472D,U+732B,猫,0x3EE44
2175,0x472E,U+71B1,熱,0x3EE84
2176,0x472F,U+5E74,年,0x3EEC4
2177,0x4730,U+5FF5,念,0x3EF04
2178,0x4731,U+637B,捻,0x3EF44
2179,0x4732,U+649A,撚,0x3EF84
2180,0x4733,U+71C3,燃,0x3EFC4
2181,0x4734,U+7C98,粘,0x3F004
2182,0x4735,U+4E43,乃,0x3F044
2183,0x4736,U+5EFC,廼,0x3F084
2184,0x4737,U+4E4B,之,0x3F0C4
2185,0x4738,U+57DC,埜,0x3F104
2186,0x4739,U+56A2,嚢,0x3F144
2187,0x473A,U+60A9,悩,0x3F184
2188,0x473B,U+6FC3,濃,0x3F1C4
2189,0x473C,U+7D0D,納,0x3F204
2190,0x473D,U+80FD,能,0x3F244
2191,0x473E,U+8133,脳,0x3F284
2192,0x473F,U+81BF,膿,0x3F2C4
2193,0x4740,U+8FB2,農,0x3F304
2194,0x4741,U+8997,覗,0x3F344
2195,0x4742,U+86A4,蚤,0x3F384
2196,0x4743,U+5DF4,巴,0x3F3C4
2197,0x4744,U+628A,把,0x3F404
2198,0x4745,U+64AD,播,0x3F444
2199,0x4746,U+8987,覇,0x3F484
2200,0x4747,U+6777,杷,0x3F4C4
2201,0x4748,U+6CE2,波,0x3F504
2202,0x4749,U+6D3E,派,0x3F544
2203,0x474A,U+7436,琶,0x3F584
2204,0x474B,U+7834,破,0x3F5C4
2205,0x474C,U+5A46,婆,0x3F604
2206,0x474D,U+7F75,罵,0x3F644
2207,0x474E,U+82AD,芭,0x3F684
2208,0x474F,U+99AC,馬,0x3F6C4
2209,0x4750,U+4FF3,俳,0x3F704
2210,0x4751,U+5EC3,廃,0x3F744
2211,0x4752,U+62DD,拝,0x3F784
2212,0x4753,U+6392,排,0x3F7C4
2213,0x4754,U+6557,敗,0x3F804
2214,0x4755,U+676F,杯,0x3F844
2215,0x4756,U+76C3,盃,0x3F884
2216,0x4757,U+724C,牌,0x3F8C4
2217,0x4758,U+80CC,背,0x3F904
2218,0x4759,U+80BA,肺,0x3F944
2219,0x475A,U+8F29,輩,0x3F984
2220,0x475B,U+914D,配,0x3F9C4
2221,0x475C,U+500D,倍,0x3FA04
2222,0x475D,U+57F9,培,0x3FA44
2223,0x475E,U+5A92,媒,0x3FA84
2224,0x475F,U+6885,梅,0x3FAC4
2225,0x4760,U+6973,楳,0x3FB04
2226,0x4761,U+7164,煤,0x3FB44
2227,0x4762,U+72FD,狽,0x3FB84
2228,0x4763,U+8CB7,買,0x3FBC4
2229,0x4764,U+58F2,売,0x3FC04
2230,0x4765,U+8CE0,賠,0x3FC44
2231,0x4766,U+966A,陪,0x3FC84
2232,0x4767,U+9019,這,0x3FCC4
2233,0x4768,U+877F,蝿,0x3FD04
2234,0x4769,U+79E4,秤,0x3FD44
2235,0x476A,U+77E7,矧,0x3FD84
2236,0x476B,U+8429,萩,0x3FDC4
2237,0x476C,U+4F2F,伯,0x3FE04
2238,0x476D,U+5265,剥,0x3FE44
2239,0x476E,U+535A,博,0x3FE84
2240,0x476F,U+62CD,拍,0x3FEC4
2241,0x4770,U+67CF,柏,0x3FF04
2242,0x4771,U+6CCA,泊,0x3FF44
2243,0x4772,U+767D,白,0x3FF84
2244,0x4773,U+7B94,箔,0x3FFC4
2245,0x4774,U+7C95,粕,0x40004
2246,0x4775,U+8236,舶,0x40044
2247,0x4776,U+8584,薄,0x40084
2248,0x4777,U+8FEB,迫,0x400C4
2249,0x4778,U+66DD,曝,0x40104
2250,0x4779,U+6F20,漠,0x40144
2251,0x477A,U+7206,爆,0x40184
2252,0x477B,U+7E1B,縛,0x401C4
2253,0x477C,U+83AB,莫,0x40204
2254,0x477D,U+99C1,駁,0x40244
2255,0x477E,U+9EA6,麦,0x40284
2256,0x4821,U+51FD,函,0x402C4
2257,0x4822,U+7BB1,箱,0x40304
2258,0x4823,U+7872,硲,0x40344
2259,0x4824,U+7BB8,箸,0x40384
2260,0x4825,U+8087,肇,0x403C4
2261,0x4826,U+7B48,筈,0x40404
2262,0x4827,U+6AE8,櫨,0x40444
2263,0x4828,U+5E61,幡,0x40484
2264,0x4829,U+808C,肌,0x404C4
2265,0x482A,U+7551,畑,0x40504
2266,0x482B,U+7560,畠,0x40544
2267,0x482C,U+516B,八,0x40584
2268,0x482D,U+9262,鉢,0x405C4
2269,0x482E,U+6E8C,溌,0x40604
2270,0x482F,U+767A,発,0x40644
2271,0x4830,U+9197,醗,0x40684
2272,0x4831,U+9AEA,髪,0x406C4
2273,0x4832,U+4F10,伐,0x40704
2274,0x4833,U+7F70,罰,0x40744
2275,0x4834,U+629C,抜,0x40784
2276,0x4835,U+7B4F,筏,0x407C4
2277,0x4836,U+95A5,閥,0x40804
2278,0x4837,U+9CE9,鳩,0x40844
2279,0x4838,U+567A,噺,0x40884
2280,0x4839,U+5859,塙,0x408C4
2281,0x483A,U+86E4,蛤,0x40904
2282,0x483B,U+96BC,隼,0x40944
2283,0x483C,U+4F34,伴,0x40984
2284,0x483D,U+5224,判,0x409C4
2285,0x483E,U+534A,半,0x40A04
2286,0x483F,U+53CD,反,0x40A44
2287,0x4840,U+53DB,叛,0x40A84
2288,0x4841,U+5E06,帆,0x40AC4
2289,0x4842,U+642C,搬,0x40B04
2290,0x4843,U+6591,斑,0x40B44
2291,0x4844,U+677F,板,0x40B84
2292,0x4845,U+6C3E,氾,0x40BC4
2293,0x4846,U+6C4E,汎,0x40C04
2294,0x4847,U+7248,版,0x40C44
2295,0x4848,U+72AF,犯,0x40C84
2296,0x4849,U+73ED,班,0x40CC4
2297,0x484A,U+7554,畔,0x40D04
2298,0x484B,U+7E41,繁,0x40D44
2299,0x484C,U+822C,般,0x40D84
2300,0x484D,U+85E9,藩,0x40DC4
2301,0x484E,U+8CA9,販,0x40E04
2302,0x484F,U+7BC4,範,0x40E44
2303,0x4850,U+91C6,釆,0x40E84
2304,0x4851,U+7169,煩,0x40EC4
2305,0x4852,U+9812,頒,0x40F04
2306,0x4853,U+98EF,飯,0x40F44
2307,0x4854,U+633D,挽,0x40F84
2308,0x4855,U+6669,晩,0x40FC4
2309,0x4856,U+756A,番,0x41004
2310,0x4857,U+76E4,盤,0x41044
2311,0x4858,U+78D0,磐,0x41084
2312,0x4859,U+8543,蕃,0x410C4
2313,0x485A,U+86EE,蛮,0x41104
2314,0x485B,U+532A,匪,0x41144
2315,0x485C,U+5351,卑,0x41184
2316,0x485D,U+5426,否,0x411C4
2317,0x485E,U+5983,妃,0x41204
2318,0x485F,U+5E87,庇,0x41244
2319,0x4860,U+5F7C,彼,0x41284
2320,0x4861,U+60B2,悲,0x412C4
2321,0x4862,U+6249,扉,0x41304
2322,0x4863,U+6279,批,0x41344
2323,0x4864,U+62AB,披,0x41384
2324,0x4865,U+6590,斐,0x413C4
2325,0x4866,U+6BD4,比,0x41404
2326,0x4867,U+6CCC,泌,0x41444
2327,0x4868,U+75B2,疲,0x41484
2328,0x4869,U+76AE,皮,0x414C4
2329,0x486A,U+7891,碑,0x41504
2330,0x486B,U+79D8,秘,0x41544
2331,0x486C,U+7DCB,緋,0x41584
2332,0x486D,U+7F77,罷,0x415C4
2333,0x486E,U+80A5,肥,0x41604
2334,0x486F,U+88AB,被,0x41644
2335,0x4870,U+8AB9,誹,0x41684
2336,0x4871,U+8CBB,費,0x416C4
2337,0x4872,U+907F,避,0x41704
2338,0x4873,U+975E,非,0x41744
2339,0x4874,U+98DB,飛,0x41784
2340,0x4875,U+6A0B,樋,0x417C4
2341,0x4876,U+7C38,簸,0x41804
2342,0x4877,U+5099,備,0x41844
2343,0x4878,U+5C3E,尾,0x41884
2344,0x4879,U+5FAE,微,0x418C4
2345,0x487A,U+6787,枇,0x41904
2346,0x487B,U+6BD8,毘,0x41944
2347,0x487C,U+7435,琵,0x41984
2348,0x487D,U+7709,眉,0x419C4
2349,0x487E,U+7F8E,美,0x41A04
2350,0x4921,U+9F3B,鼻,0x41A44
2351,0x4922,U+67CA,柊,0x41A84
2352,0x4923,U+7A17,稗,0x41AC4
2353,0x4924,U+5339,匹,0x41B04
2354,0x4925,U+758B,疋,0x41B44
2355,0x4926,U+9AED,髭,0x41B84
2356,0x4927,U+5F66,彦,0x41BC4
2357,0x4928,U+819D,膝,0x41C04
2358,0x4929,U+83F1,菱,0x41C44
2359,0x492A,U+8098,肘,0x41C84
2360,0x492B,U+5F3C,弼,0x41CC4
2361,0x492C,U+5FC5,必,0x41D04
2362,0x492D,U+7562,畢,0x41D44
2363,0x492E,U+7B46,筆,0x41D84
2364,0x492F,U+903C,逼,0x41DC4
2365,0x4930,U+6867,桧,0x41E04
2366,0x4931,U+59EB,姫,0x41E44
2367,0x4932,U+5A9B,媛,0x41E84
2368,0x4933,U+7D10,紐,0x41EC4
2369,0x4934,U+767E,百,0x41F04
2370,0x4935,U+8B2C,謬,0x41F44
2371,0x4936,U+4FF5,俵,0x41F84
2372,0x4937,U+5F6A,彪,0x41FC4
2373,0x4938,U+6A19,標,0x42004
2374,0x4939,U+6C37,氷,0x42044
2375,0x493A,U+6F02,漂,0x42084
2376,0x493B,U+74E2,瓢,0x420C4
2377,0x493C,U+7968,票,0x42104
2378,0x493D,U+8868,表,0x42144
2379,0x493E,U+8A55,評,0x42184
2380,0x493F,U+8C79,豹,0x421C4
2381,0x4940,U+5EDF,廟,0x42204
2382,0x4941,U+63CF,描,0x42244
2383,0x4942,U+75C5,病,0x42284
2384,0x4943,U+79D2,秒,0x422C4
2385,0x4944,U+82D7,苗,0x42304
2386,0x4945,U+9328,錨,0x42344
2387,0x4946,U+92F2,鋲,0x42384
2388,0x4947,U+849C,蒜,0x423C4
2389,0x4948,U+86ED,蛭,0x42404
2390,0x4949,U+9C2D,鰭,0x42444
2391,0x494A,U+54C1,品,0x42484
2392,0x494B,U+5F6C,彬,0x424C4
2393,0x494C,U+658C,斌,0x42504
2394,0x494D,U+6D5C,浜,0x42544
2395,0x494E,U+7015,瀕,0x42584
2396,0x494F,U+8CA7,貧,0x425C4
2397,0x4950,U+8CD3,賓,0x42604
2398,0x4951,U+983B,頻,0x42644
2399,0x4952,U+654F,敏,0x42684
2400,0x4953,U+74F6,瓶,0x426C4
2401,0x4954,U+4E0D,不,0x42704
2402,0x4955,U+4ED8,付,0x42744
2403,0x4956,U+57E0,埠,0x42784
2404,0x4957,U+592B,夫,0x427C4
2405,0x4958,U+5A66,婦,0x42804
2406,0x4959,U+5BCC,富,0x42844
2407,0x495A,U+51A8,冨,0x42884
2408,0x495B,U+5E03,布,0x428C4
2409,0x495C,U+5E9C,府,0x42904
2410,0x495D,U+6016,怖,0x42944
2411,0x495E,U+6276,扶,0x42984
2412,0x495F,U+6577,敷,0x429C4
2413,0x4960,U+65A7,斧,0x42A04
2414,0x4961,U+666E,普,0x42A44
2415,0x4962,U+6D6E,浮,0x42A84
2416,0x4963,U+7236,父,0x42AC4
2417,0x4964,U+7B26,符,0x42B04
2418,0x4965,U+8150,腐,0x42B44
2419,0x4966,U+819A,膚,0x42B84
2420,0x4967,U+8299,芙,0x42BC4
2421,0x4968,U+8B5C,譜,0x42C04
2422,0x4969,U+8CA0,負,0x42C44
2423,0x496A,U+8CE6,賦,0x42C84
2424,0x496B,U+8D74,赴,0x42CC4
2425,0x496C,U+961C,阜,0x42D04
2426,0x496D,U+9644,附,0x42D44
2427,0x496E,U+4FAE,侮,0x42D84
2428,0x496F,U+64AB,撫,0x42DC4
2429,0x4970,U+6B66,武,0x42E04
2430,0x4971,U+821E,舞,0x42E44
2431,0x4972,U+8461,葡,0x42E84
2432,0x4973,U+856A,蕪,0x42EC4
2433,0x4974,U+90E8,部,0x42F04
2434,0x4975,U+5C01,封,0x42F44
2435,0x4976,U+6953,楓,0x42F84
2436,0x4977,U+98A8,風,0x42FC4
2437,0x4978,U+847A,葺,0x43004
2438,0x4979,U+8557,蕗,0x43044
2439,0x497A,U+4F0F,伏,0x43084
2440,0x497B,U+526F,副,0x430C4
2441,0x497C,U+5FA9,復,0x43104
2442,0x497D,U+5E45,幅,0x43144
2443,0x497E,U+670D,服,0x43184
2444,0x4A21,U+798F,福,0x431C4
2445,0x4A22,U+8179,腹,0x43204
2446,0x4A23,U+8907,複,0x43244
2447,0x4A24,U+8986,覆,0x43284
2448,0x4A25,U+6DF5,淵,0x432C4
2449,0x4A26,U+5F17,弗,0x43304
2450,0x4A27,U+6255,払,0x43344
2451,0x4A28,U+6CB8,沸,0x43384
2452,0x4A29,U+4ECF,仏,0x433C4
2453,0x4A2A,U+7269,物,0x43404
2454,0x4A2B,U+9B92,鮒,0x43444
2455,0x4A2C,U+5206,分,0x43484
2456,0x4A2D,U+543B,吻,0x434C4
2457,0x4A2E,U+5674,噴,0x43504
2458,0x4A2F,U+58B3,墳,0x43544
2459,0x4A30,U+61A4,憤,0x43584
2460,0x4A31,U+626E,扮,0x435C4
2461,0x4A32,U+711A,焚,0x43604
2462,0x4A33,U+596E,奮,0x43644
2463,0x4A34,U+7C89,粉,0x43684
2464,0x4A35,U+7CDE,糞,0x436C4
2465,0x4A36,U+7D1B,紛,0x43704
2466,0x4A37,U+96F0,雰,0x43744
2467,0x4A38,U+6587,文,0x43784
2468,0x4A39,U+805E,聞,0x437C4
2469,0x4A3A,U+4E19,丙,0x43804
2470,0x4A3B,U+4F75,併,0x43844
2471,0x4A3C,U+5175,兵,0x43884
2472,0x4A3D,U+5840,塀,0x438C4
2473,0x4A3E,U+5E63,幣,0x43904
2474,0x4A3F,U+5E73,平,0x43944
2475,0x4A40,U+5F0A,弊,0x43984
2476,0x4A41,U+67C4,柄,0x439C4
2477,0x4A42,U+4E26,並,0x43A04
2478,0x4A43,U+853D,蔽,0x43A44
2479,0x4A44,U+9589,閉,0x43A84
2480,0x4A45,U+965B,陛,0x43AC4
2481,0x4A46,U+7C73,米,0x43B04
2482,0x4A47,U+9801,頁,0x43B44
2483,0x4A48,U+50FB,僻,0x43B84
2484,0x4A49,U+58C1,壁,0x43BC4
2485,0x4A4A,U+7656,癖,0x43C04
2486,0x4A4B,U+78A7,碧,0x43C44
2487,0x4A4C,U+5225,別,0x43C84
2488,0x4A4D,U+77A5,瞥,0x43CC4
2489,0x4A4E,U+8511,蔑,0x43D04
2490,0x4A4F,U+7B86,箆,0x43D44
2491,0x4A50,U+504F,偏,0x43D84
2492,0x4A51,U+5909,変,0x43DC4
2493,0x4A52,U+7247,片,0x43E04
2494,0x4A53,U+7BC7,篇,0x43E44
2495,0x4A54,U+7DE8,編,0x43E84
2496,0x4A55,U+8FBA,辺,0x43EC4
2497,0x4A56,U+8FD4,返,0x43F04
2498,0x4A57,U+904D,遍,0x43F44
2499,0x4A58,U+4FBF,便,0x43F84
2500,0x4A59,U+52C9,勉,0x43FC4
2501,0x4A5A,U+5A29,娩,0x44004
2502,0x4A5B,U+5F01,弁,0x44044
2503,0x4A5C,U+97AD,鞭,0x44084
2504,0x4A5D,U+4FDD,保,0x440C4
2505,0x4A5E,U+8217,舗,0x44104
2506,0x4A5F,U+92EA,鋪,0x44144
2507,0x4A60,U+5703,圃,0x44184
2508,0x4A61,U+6355,捕,0x441C4
2509,0x4A62,U+6B69,歩,0x44204
2510,0x4A63,U+752B,甫,0x44244
2511,0x4A64,U+88DC,補,0x44284
2512,0x4A65,U+8F14,輔,0x442C4
2513,0x4A66,U+7A42,穂,0x44304
2514,0x4A67,U+52DF,募,0x44344
2515,0x4A68,U+5893,墓,0x44384
2516,0x4A69,U+6155,慕,0x443C4
2517,0x4A6A,U+620A,戊,0x44404
2518,0x4A6B,U+66AE,暮,0x44444
2519,0x4A6C,U+6BCD,母,0x44484
2520,0x4A6D,U+7C3F,簿,0x444C4
2521,0x4A6E,U+83E9,菩,0x44504
2522,0x4A6F,U+5023,倣,0x44544
2523,0x4A70,U+4FF8,俸,0x44584
2524,0x4A71,U+5305,包,0x445C4
2525,0x4A72,U+5446,呆,0x44604
2526,0x4A73,U+5831,報,0x44644
2527,0x4A74,U+5949,奉,0x44684
2528,0x4A75,U+5B9D,宝,0x446C4
2529,0x4A76,U+5CF0,峰,0x44704
2530,0x4A77,U+5CEF,峯,0x44744
2531,0x4A78,U+5D29,崩,0x44784
2532,0x4A79,U+5E96,庖,0x447C4
2533,0x4A7A,U+62B1,抱,0x44804
2534,0x4A7B,U+6367,捧,0x44844
2535,0x4A7C,U+653E,放,0x44884
2536,0x4A7D,U+65B9,方,0x448C4
2537,0x4A7E,U+670B,朋,0x44904
2538,0x4B21,U+6CD5,法,0x44944
2539,0x4B22,U+6CE1,泡,0x44984
2540,0x4B23,U+70F9,烹,0x449C4
2541,0x4B24,U+7832,砲,0x44A04
2542,0x4B25,U+7E2B,縫,0x44A44
2543,0x4B26,U+80DE,胞,0x44A84
2544,0x4B27,U+82B3,芳,0x44AC4
2545,0x4B28,U+840C,萌,0x44B04
2546,0x4B29,U+84EC,蓬,0x44B44
2547,0x4B2A,U+8702,蜂,0x44B84
2548,0x4B2B,U+8912,褒,0x44BC4
2549,0x4B2C,U+8A2A,訪,0x44C04
2550,0x4B2D,U+8C4A,豊,0x44C44
2551,0x4B2E,U+90A6,邦,0x44C84
2552,0x4B2F,U+92D2,鋒,0x44CC4
2553,0x4B30,U+98FD,飽,0x44D04
2554,0x4B31,U+9CF3,鳳,0x44D44
2555,0x4B32,U+9D6C,鵬,0x44D84
2556,0x4B33,U+4E4F,乏,0x44DC4
2557,0x4B34,U+4EA1,亡,0x44E04
2558,0x4B35,U+508D,傍,0x44E44
2559,0x4B36,U+5256,剖,0x44E84
2560,0x4B37,U+574A,坊,0x44EC4
2561,0x4B38,U+59A8,妨,0x44F04
2562,0x4B39,U+5E3D,帽,0x44F44
2563,0x4B3A,U+5FD8,忘,0x44F84
2564,0x4B3B,U+5FD9,忙,0x44FC4
2565,0x4B3C,U+623F,房,0x45004
2566,0x4B3D,U+66B4,暴,0x45044
2567,0x4B3E,U+671B,望,0x45084
2568,0x4B3F,U+67D0,某,0x450C4
2569,0x4B40,U+68D2,棒,0x45104
2570,0x4B41,U+5192,冒,0x45144
2571,0x4B42,U+7D21,紡,0x45184
2572,0x4B43,U+80AA,肪,0x451C4
2573,0x4B44,U+81A8,膨,0x45204
2574,0x4B45,U+8B00,謀,0x45244
2575,0x4B46,U+8C8C,貌,0x45284
2576,0x4B47,U+8CBF,貿,0x452C4
2577,0x4B48,U+927E,鉾,0x45304
2578,0x4B49,U+9632,防,0x45344
2579,0x4B4A,U+5420,吠,0x45384
2580,0x4B4B,U+982C,頬,0x453C4
2581,0x4B4C,U+5317,北,0x45404
2582,0x4B4D,U+50D5,僕,0x45444
2583,0x4B4E,U+535C,卜,0x45484
2584,0x4B4F,U+58A8,墨,0x454C4
2585,0x4B50,U+64B2,撲,0x45504
2586,0x4B51,U+6734,朴,0x45544
2587,0x4B52,U+7267,牧,0x45584
2588,0x4B53,U+7766,睦,0x455C4
2589,0x4B54,U+7A46,穆,0x45604
2590,0x4B55,U+91E6,釦,0x45644
2591,0x4B56,U+52C3,勃,0x45684
2592,0x4B57,U+6CA1,没,0x456C4
2593,0x4B58,U+6B86,殆,0x45704
2594,0x4B59,U+5800,堀,0x45744
2595,0x4B5A,U+5E4C,幌,0x45784
2596,0x4B5B,U+5954,奔,0x457C4
2597,0x4B5C,U+672C,本,0x45804
2598,0x4B5D,U+7FFB,翻,0x45844
2599,0x4B5E,U+51E1,凡,0x45884
2600,0x4B5F,U+76C6,盆,0x458C4
2601,0x4B60,U+6469,摩,0x45904
2602,0x4B61,U+78E8,磨,0x45944
2603,0x4B62,U+9B54,魔,0x45984
2604,0x4B63,U+9EBB,麻,0x459C4
2605,0x4B64,U+57CB,埋,0x45A04
2606,0x4B65,U+59B9,妹,0x45A44
2607,0x4B66,U+6627,昧,0x45A84
2608,0x4B67,U+679A,枚,0x45AC4
2609,0x4B68,U+6BCE,毎,0x45B04
2610,0x4B69,U+54E9,哩,0x45B44
2611,0x4B6A,U+69D9,槙,0x45B84
2612,0x4B6B,U+5E55,幕,0x45BC4
2613,0x4B6C,U+819C,膜,0x45C04
2614,0x4B6D,U+6795,枕,0x45C44
2615,0x4B6E,U+9BAA,鮪,0x45C84
2616,0x4B6F,U+67FE,柾,0x45CC4
2617,0x4B70,U+9C52,鱒,0x45D04
2618,0x4B71,U+685D,桝,0x45D44
2619,0x4B72,U+4EA6,亦,0x45D84
2620,0x4B73,U+4FE3,俣,0x45DC4
2621,0x4B74,U+53C8,又,0x45E04
2622,0x4B75,U+62B9,抹,0x45E44
2623,0x4B76,U+672B,末,0x45E84
2624,0x4B77,U+6CAB,沫,0x45EC4
2625,0x4B78,U+8FC4,迄,0x45F04
2626,0x4B79,U+4FAD,侭,0x45F44
2627,0x4B7A,U+7E6D,繭,0x45F84
2628,0x4B7B,U+9EBF,麿,0x45FC4
2629,0x4B7C,U+4E07,万,0x46004
2630,0x4B7D,U+6162,慢,0x46044
2631,0x4B7E,U+6E80,満,0x46084
2632,0x4C21,U+6F2B,漫,0x460C4
2633,0x4C22,U+8513,蔓,0x46104
2634,0x4C23,U+5473,味,0x46144
2635,0x4C24,U+672A,未,0x46184
2636,0x4C25,U+9B45,魅,0x461C4
2637,0x4C26,U+5DF3,巳,0x46204
2638,0x4C27,U+7B95,箕,0x46244
2639,0x4C28,U+5CAC,岬,0x46284
2640,0x4C29,U+5BC6,密,0x462C4
2641,0x4C2A,U+871C,蜜,0x46304
2642,0x4C2B,U+6E4A,湊,0x46344
2643,0x4C2C,U+84D1,蓑,0x46384
2644,0x4C2D,U+7A14,稔,0x463C4
2645,0x4C2E,U+8108,脈,0x46404
2646,0x4C2F,U+5999,妙,0x46444
2647,0x4C30,U+7C8D,粍,0x46484
2648,0x4C31,U+6C11,民,0x464C4
2649,0x4C32,U+7720,眠,0x46504
2650,0x4C33,U+52D9,務,0x46544
2651,0x4C34,U+5922,夢,0x46584
2652,0x4C35,U+7121,無,0x465C4
2653,0x4C36,U+725F,牟,0x46604
2654,0x4C37,U+77DB,矛,0x46644
2655,0x4C38,U+9727,霧,0x46684
2656,0x4C39,U+9D61,鵡,0x466C4
2657,0x4C3A,U+690B,椋,0x46704
2658,0x4C3B,U+5A7F,婿,0x46744
2659,0x4C3C,U+5A18,娘,0x46784
2660,0x4C3D,U+51A5,冥,0x467C4
2661,0x4C3E,U+540D,名,0x46804
2662,0x4C3F,U+547D,命,0x46844
2663,0x4C40,U+660E,明,0x46884
2664,0x4C41,U+76DF,盟,0x468C4
2665,0x4C42,U+8FF7,迷,0x46904
2666,0x4C43,U+9298,銘,0x46944
2667,0x4C44,U+9CF4,鳴,0x46984
2668,0x4C45,U+59EA,姪,0x469C4
2669,0x4C46,U+725D,牝,0x46A04
2670,0x4C47,U+6EC5,滅,0x46A44
2671,0x4C48,U+514D,免,0x46A84
2672,0x4C49,U+68C9,棉,0x46AC4
2673,0x4C4A,U+7DBF,綿,0x46B04
2674,0x4C4B,U+7DEC,緬,0x46B44
2675,0x4C4C,U+9762,面,0x46B84
2676,0x4C4D,U+9EBA,麺,0x46BC4
2677,0x4C4E,U+6478,摸,0x46C04
2678,0x4C4F,U+6A21,模,0x46C44
2679,0x4C50,U+8302,茂,0x46C84
2680,0x4C51,U+5984,妄,0x46CC4
2681,0x4C52,U+5B5F,孟,0x46D04
2682,0x4C53,U+6BDB,毛,0x46D44
2683,0x4C54,U+731B,猛,0x46D84
2684,0x4C55,U+76F2,盲,0x46DC4
2685,0x4C56,U+7DB2,網,0x46E04
2686,0x4C57,U+8017,耗,0x46E44
2687,0x4C58,U+8499,蒙,0x46E84
2688,0x4C59,U+5132,儲,0x46EC4
2689,0x4C5A,U+6728,木,0x46F04
2690,0x4C5B,U+9ED9,黙,0x46F44
2691,0x4C5C,U+76EE,目,0x46F84
2692,0x4C5D,U+6762,杢,0x46FC4
2693,0x4C5E,U+52FF,勿,0x47004
2694,0x4C5F,U+9905,餅,0x47044
2695,0x4C60,U+5C24,尤,0x47084
2696,0x4C61,U+623B,戻,0x470C4
2697,0x4C62,U+7C7E,籾,0x47104
2698,0x4C63,U+8CB0,貰,0x47144
2699,0x4C64,U+554F,問,0x47184
2700,0x4C65,U+60B6,悶,0x471C4
2701,0x4C66,U+7D0B,紋,0x47204
2702,0x4C67,U+9580,門,0x47244
2703,0x4C68,U+5301,匁,0x47284
2704,0x4C69,U+4E5F,也,0x472C4
2705,0x4C6A,U+51B6,冶,0x47304
2706,0x4C6B,U+591C,夜,0x47344
2707,0x4C6C,U+723A,爺,0x47384
2708,0x4C6D,U+8036,耶,0x473C4
2709,0x4C6E,U+91CE,野,0x47404
2710,0x4C6F,U+5F25,弥,0x47444
2711,0x4C70,U+77E2,矢,0x47484
2712,0x4C71,U+5384,厄,0x474C4
2713,0x4C72,U+5F79,役,0x47504
2714,0x4C73,U+7D04,約,0x47544
2715,0x4C74,U+85AC,薬,0x47584
2716,0x4C75,U+8A33,訳,0x475C4
2717,0x4C76,U+8E8D,躍,0x47604
2718,0x4C77,U+9756,靖,0x47644
2719,0x4C78,U+67F3,柳,0x47684
2720,0x4C79,U+85AE,薮,0x476C4
2721,0x4C7A,U+9453,鑓,0x47704
2722,0x4C7B,U+6109,愉,0x47744
2723,0x4C7C,U+6108,愈,0x47784
2724,0x4C7D,U+6CB9,油,0x477C4
2725,0x4C7E,U+7652,癒,0x47804
2726,0x4D21,U+8AED,諭,0x47844
2727,0x4D22,U+8F38,輸,0x47884
2728,0x4D23,U+552F,唯,0x478C4
2729,0x4D24,U+4F51,佑,0x47904
2730,0x4D25,U+512A,優,0x47944
2731,0x4D26,U+52C7,勇,0x47984
2732,0x4D27,U+53CB,友,0x479C4
2733,0x4D28,U+5BA5,宥,0x47A04
2734,0x4D29,U+5E7D,幽,0x47A44
2735,0x4D2A,U+60A0,悠,0x47A84
2736,0x4D2B,U+6182,憂,0x47AC4
2737,0x4D2C,U+63D6,揖,0x47B04
2738,0x4D2D,U+6709,有,0x47B44
2739,0x4D2E,U+67DA,柚,0x47B84
2740,0x4D2F,U+6E67,湧,0x47BC4
2741,0x4D30,U+6D8C,涌,0x47C04
2742,0x4D31,U+7336,猶,0x47C44
2743,0x4D32,U+7337,猷,0x47C84
2744,0x4D33,U+7531,由,0x47CC4
2745,0x4D34,U+7950,祐,0x47D04
2746,0x4D35,U+88D5,裕,0x47D44
2747,0x4D36,U+8A98,誘,0x47D84
2748,0x4D37,U+904A,遊,0x47DC4
2749,0x4D38,U+9091,邑,0x47E04
2750,0x4D39,U+90F5,郵,0x47E44
2751,0x4D3A,U+96C4,雄,0x47E84
2752,0x4D3B,U+878D,融,0x47EC4
2753,0x4D3C,U+5915,夕,0x47F04
2754,0x4D3D,U+4E88,予,0x47F44
2755,0x4D3E,U+4F59,余,0x47F84
2756,0x4D3F,U+4E0E,与,0x47FC4
2757,0x4D40,U+8A89,誉,0x48004
2758,0x4D41,U+8F3F,輿,0x48044
2759,0x4D42,U+9810,預,0x48084
2760,0x4D43,U+50AD,傭,0x480C4
2761,0x4D44,U+5E7C,幼,0x48104
2762,0x4D45,U+5996,妖,0x48144
2763,0x4D46,U+5BB9,容,0x48184
2764,0x4D47,U+5EB8,庸,0x481C4
2765,0x4D48,U+63DA,揚,0x48204
2766,0x4D49,U+63FA,揺,0x48244
2767,0x4D4A,U+64C1,擁,0x48284
2768,0x4D4B,U+66DC,曜,0x482C4
2769,0x4D4C,U+694A,楊,0x48304
2770,0x4D4D,U+69D8,様,0x48344
2771,0x4D4E,U+6D0B,洋,0x48384
2772,0x4D4F,U+6EB6,溶,0x483C4
2773,0x4D50,U+7194,熔,0x48404
2774,0x4D51,U+7528,用,0x48444
2775,0x4D52,U+7AAF,窯,0x48484
2776,0x4D53,U+7F8A,羊,0x484C4
2777,0x4D54,U+8000,耀,0x48504
2778,0x4D55,U+8449,葉,0x48544
2779,0x4D56,U+84C9,蓉,0x48584
2780,0x4D57,U+8981,要,0x485C4
2781,0x4D58,U+8B21,謡,0x48604
2782,0x4D59,U+8E0A,踊,0x48644
2783,0x4D5A,U+9065,遥,0x48684
2784,0x4D5B,U+967D,陽,0x486C4
2785,0x4D5C,U+990A,養,0x48704
2786,0x4D5D,U+617E,慾,0x48744
2787,0x4D5E,U+6291,抑,0x48784
2788,0x4D5F,U+6B32,欲,0x487C4
2789,0x4D60,U+6C83,沃,0x48804
2790,0x4D61,U+6D74,浴,0x48844
2791,0x4D62,U+7FCC,翌,0x48884
2792,0x4D63,U+7FFC,翼,0x488C4
2793,0x4D64,U+6DC0,淀,0x48904
2794,0x4D65,U+7F85,羅,0x48944
2795,0x4D66,U+87BA,螺,0x48984
2796,0x4D67,U+88F8,裸,0x489C4
2797,0x4D68,U+6765,来,0x48A04
2798,0x4D69,U+83B1,莱,0x48A44
2799,0x4D6A,U+983C,頼,0x48A84
2800,0x4D6B,U+96F7,雷,0x48AC4
2801,0x4D6C,U+6D1B,洛,0x48B04
2802,0x4D6D,U+7D61,絡,0x48B44
2803,0x4D6E,U+843D,落,0x48B84
2804,0x4D6F,U+916A,酪,0x48BC4
2805,0x4D70,U+4E71,乱,0x48C04
2806,0x4D71,U+5375,卵,0x48C44
2807,0x4D72,U+5D50,嵐,0x48C84
2808,0x4D73,U+6B04,欄,0x48CC4
2809,0x4D74,U+6FEB,濫,0x48D04
2810,0x4D75,U+85CD,藍,0x48D44
2811,0x4D76,U+862D,蘭,0x48D84
2812,0x4D77,U+89A7,覧,0x48DC4
2813,0x4D78,U+5229,利,0x48E04
2814,0x4D79,U+540F,吏,0x48E44
2815,0x4D7A,U+5C65,履,0x48E84
2816,0x4D7B,U+674E,李,0x48EC4
2817,0x4D7C,U+68A8,梨,0x48F04
2818,0x4D7D,U+7406,理,0x48F44
2819,0x4D7E,U+7483,璃,0x48F84
2820,0x4E21,U+75E2,痢,0x48FC4
2821,0x4E22,U+88CF,裏,0x49004
2822,0x4E23,U+88E1,裡,0x49044
2823,0x4E24,U+91CC,里,0x49084
2824,0x4E25,U+96E2,離,0x490C4
2825,0x4E26,U+9678,陸,0x49104
2826,0x4E27,U+5F8B,律,0x49144
2827,0x4E28,U+7387,率,0x49184
2828,0x4E29,U+7ACB,立,0x491C4
2829,0x4E2A,U+844E,葎,0x49204
2830,0x4E2B,U+63A0,掠,0x49244
2831,0x4E2C,U+7565,略,0x49284
2832,0x4E2D,U+5289,劉,0x492C4
2833,0x4E2E,U+6D41,流,0x49304
2834,0x4E2F,U+6E9C,溜,0x49344
2835,0x4E30,U+7409,琉,0x49384
2836,0x4E31,U+7559,留,0x493C4
2837,0x4E32,U+786B,硫,0x49404
2838,0x4E33,U+7C92,粒,0x49444
2839,0x4E34,U+9686,隆,0x49484
2840,0x4E35,U+7ADC,竜,0x494C4
2841,0x4E36,U+9F8D,龍,0x49504
2842,0x4E37,U+4FB6,侶,0x49544
2843,0x4E38,U+616E,慮,0x49584
2844,0x4E39,U+65C5,旅,0x495C4
2845,0x4E3A,U+865C,虜,0x49604
2846,0x4E3B,U+4E86,了,0x49644
2847,0x4E3C,U+4EAE,亮,0x49684
2848,0x4E3D,U+50DA,僚,0x496C4
2849,0x4E3E,U+4E21,両,0x49704
2850,0x4E3F,U+51CC,凌,0x49744
2851,0x4E40,U+5BEE,寮,0x49784
2852,0x4E41,U+6599,料,0x497C4
2853,0x4E42,U+6881,梁,0x49804
2854,0x4E43,U+6DBC,涼,0x49844
2855,0x4E44,U+731F,猟,0x49884
2856,0x4E45,U+7642,療,0x498C4
2857,0x4E46,U+77AD,瞭,0x49904
2858,0x4E47,U+7A1C,稜,0x49944
2859,0x4E48,U+7CE7,糧,0x49984
2860,0x4E49,U+826F,良,0x499C4
2861,0x4E4A,U+8AD2,諒,0x49A04
2862,0x4E4B,U+907C,遼,0x49A44
2863,0x4E4C,U+91CF,量,0x49A84
2864,0x4E4D,U+9675,陵,0x49AC4
2865,0x4E4E,U+9818,領,0x49B04
2866,0x4E4F,U+529B,力,0x49B44
2867,0x4E50,U+7DD1,緑,0x49B84
2868,0x4E51,U+502B,倫,0x49BC4
2869,0x4E52,U+5398,厘,0x49C04
2870,0x4E53,U+6797,林,0x49C44
2871,0x4E54,U+6DCB,淋,0x49C84
2872,0x4E55,U+71D0,燐,0x49CC4
2873,0x4E56,U+7433,琳,0x49D04
2874,0x4E57,U+81E8,臨,0x49D44
2875,0x4E58,U+8F2A,輪,0x49D84
2876,0x4E59,U+96A3,隣,0x49DC4
2877,0x4E5A,U+9C57,鱗,0x49E04
2878,0x4E5B,U+9E9F,麟,0x49E44
2879,0x4E5C,U+7460,瑠,0x49E84
2880,0x4E5D,U+5841,塁,0x49EC4
2881,0x4E5E,U+6D99,涙,0x49F04
2882,0x4E5F,U+7D2F,累,0x49F44
2883,0x4E60,U+985E,類,0x49F84
2884,0x4E61,U+4EE4,令,0x49FC4
2885,0x4E62,U+4F36,伶,0x4A004
2886,0x4E63,U+4F8B,例,0x4A044
2887,0x4E64,U+51B7,冷,0x4A084
2888,0x4E65,U+52B1,励,0x4A0C4
2889,0x4E66,U+5DBA,嶺,0x4A104
2890,0x4E67,U+601C,怜,0x4A144
2891,0x4E68,U+73B2,玲,0x4A184
2892,0x4E69,U+793C,礼,0x4A1C4
2893,0x4E6A,U+82D3,苓,0x4A204
2894,0x4E6B,U+9234,鈴,0x4A244
2895,0x4E6C,U+96B7,隷,0x4A284
2896,0x4E6D,U+96F6,零,0x4A2C4
2897,0x4E6E,U+970A,霊,0x4A304
2898,0x4E6F,U+9E97,麗,0x4A344
2899,0x4E70,U+9F62,齢,0x4A384
2900,0x4E71,U+66A6,暦,0x4A3C4
2901,0x4E72,U+6B74,歴,0x4A404
2902,0x4E73,U+5217,列,0x4A444
2903,0x4E74,U+52A3,劣,0x4A484
2904,0x4E75,U+70C8,烈,0x4A4C4
2905,0x4E76,U+88C2,裂,0x4A504
2906,0x4E77,U+5EC9,廉,0x4A544
2907,0x4E78,U+604B,恋,0x4A584
2908,0x4E79,U+6190,憐,0x4A5C4
2909,0x4E7A,U+6F23,漣,0x4A604
2910,0x4E7B,U+7149,煉,0x4A644
2911,0x4E7C,U+7C3E,簾,0x4A684
2912,0x4E7D,U+7DF4,練,0x4A6C4
2913,0x4E7E,U+806F,聯,0x4A704
2914,0x4F21,U+84EE,蓮,0x4A744
2915,0x4F22,U+9023,連,0x4A784
2916,0x4F23,U+932C,錬,0x4A7C4
2917,0x4F24,U+5442,呂,0x4A804
2918,0x4F25,U+9B6F,魯,0x4A844
2919,0x4F26,U+6AD3,櫓,0x4A884
2920,0x4F27,U+7089,炉,0x4A8C4
2921,0x4F28,U+8CC2,賂,0x4A904
2922,0x4F29,U+8DEF,路,0x4A944
2923,0x4F2A,U+9732,露,0x4A984
2924,0x4F2B,U+52B4,労,0x4A9C4
2925,0x4F2C,U+5A41,婁,0x4AA04
2926,0x4F2D,U+5ECA,廊,0x4AA44
2927,0x4F2E,U+5F04,弄,0x4AA84
2928,0x4F2F,U+6717,朗,0x4AAC4
2929,0x4F30,U+697C,楼,0x4AB04
2930,0x4F31,U+6994,榔,0x4AB44
2931,0x4F32,U+6D6A,浪,0x4AB84
2932,0x4F33,U+6F0F,漏,0x4ABC4
2933,0x4F34,U+7262,牢,0x4AC04
2934,0x4F35,U+72FC,狼,0x4AC44
2935,0x4F36,U+7BED,篭,0x4AC84
2936,0x4F37,U+8001,老,0x4ACC4
2937,0x4F38,U+807E,聾,0x4AD04
2938,0x4F39,U+874B,蝋,0x4AD44
2939,0x4F3A,U+90CE,郎,0x4AD84
2940,0x4F3B,U+516D,六,0x4ADC4
2941,0x4F3C,U+9E93,麓,0x4AE04
2942,0x4F3D,U+7984,禄,0x4AE44
2943,0x4F3E,U+808B,肋,0x4AE84
2944,0x4F3F,U+9332,録,0x4AEC4
2945,0x4F40,U+8AD6,論,0x4AF04
2946,0x4F41,U+502D,倭,0x4AF44
2947,0x4F42,U+548C,和,0x4AF84
2948,0x4F43,U+8A71,話,0x4AFC4
2949,0x4F44,U+6B6A,歪,0x4B004
2950,0x4F45,U+8CC4,賄,0x4B044
2951,0x4F46,U+8107,脇,0x4B084
2952,0x4F47,U+60D1,惑,0x4B0C4
2953,0x4F48,U+67A0,枠,0x4B104
2954,0x4F49,U+9DF2,鷲,0x4B144
2955,0x4F4A,U+4E99,亙,0x4B184
2956,0x4F4B,U+4E98,亘,0x4B1C4
2957,0x4F4C,U+9C10,鰐,0x4B204
2958,0x4F4D,U+8A6B,詫,0x4B244
2959,0x4F4E,U+85C1,藁,0x4B284
2960,0x4F4F,U+8568,蕨,0x4B2C4
2961,0x4F50,U+6900,椀,0x4B304
2962,0x4F51,U+6E7E,湾,0x4B344
2963,0x4F52,U+7897,碗,0x4B384
2964,0x4F53,U+8155,腕,0x4B3C4
2965,0x5021,U+5F0C,弌,0x4B404
2966,0x5022,U+4E10,丐,0x4B444
2967,0x5023,U+4E15,丕,0x4B484
2968,0x5024,U+4E2A,个,0x4B4C4
2969,0x5025,U+4E31,丱,0x4B504
2970,0x5026,U+4E36,丶,0x4B544
2971,0x5027,U+4E3C,丼,0x4B584
2972,0x5028,U+4E3F,丿,0x4B5C4
2973,0x5029,U+4E42,乂,0x4B604
2974,0x502A,U+4E56,乖,0x4B644
2975,0x502B,U+4E58,乘,0x4B684
2976,0x502C,U+4E82,亂,0x4B6C4
2977,0x502D,U+4E85,亅,0x4B704
2978,0x502E,U+8C6B,豫,0x4B744
2979,0x502F,U+4E8A,亊,0x4B784
2980,0x5030,U+8212,舒,0x4B7C4
2981,0x5031,U+5F0D,弍,0x4B804
2982,0x5032,U+4E8E,于,0x4B844
2983,0x5033,U+4E9E,亞,0x4B884
2984,0x5034,U+4E9F,亟,0x4B8C4
2985,0x5035,U+4EA0,亠,0x4B904
2986,0x5036,U+4EA2,亢,0x4B944
2987,0x5037,U+4EB0,亰,0x4B984
2988,0x5038,U+4EB3,亳,0x4B9C4
2989,0x5039,U+4EB6,亶,0x4BA04
2990,0x503A,U+4ECE,从,0x4BA44
2991,0x503B,U+4ECD,仍,0x4BA84
2992,0x503C,U+4EC4,仄,0x4BAC4
2993,0x503D,U+4EC6,仆,0x4BB04
2994,0x503E,U+4EC2,仂,0x4BB44
2995,0x503F,U+4ED7,仗,0x4BB84
2996,0x5040,U+4EDE,仞,0x4BBC4
2997,0x5041,U+4EED,仭,0x4BC04
2998,0x5042,U+4EDF,仟,0x4BC44
2999,0x5043,U+4EF7,价,0x4BC84
3000,0x5044,U+4F09,伉,0x4BCC4
3001,0x5045,U+4F5A,佚,0x4BD04
3002,0x5046,U+4F30,估,0x4BD44
3003,0x5047,U+4F5B,佛,0x4BD84
3004,0x5048,U+4F5D,佝,0x4BDC4
3005,0x5049,U+4F57,佗,0x4BE04
3006,0x504A,U+4F47,佇,0x4BE44
3007,0x504B,U+4F76,佶,0x4BE84
3008,0x504C,U+4F88,侈,0x4BEC4
3009,0x504D,U+4F8F,侏,0x4BF04
3010,0x504E,U+4F98,侘,0x4BF44
3011,0x504F,U+4F7B,佻,0x4BF84
3012,0x5050,U+4F69,佩,0x4BFC4
3013,0x5051,U+4F70,佰,0x4C004
3014,0x5052,U+4F91,侑,0x4C044
3015,0x5053,U+4F6F,佯,0x4C084
3016,0x5054,U+4F86,來,0x4C0C4
3017,0x5055,U+4F96,侖,0x4C104
3018,0x5056,U+5118,儘,0x4C144
3019,0x5057,U+4FD4,俔,0x4C184
3020,0x5058,U+4FDF,俟,0x4C1C4
3021,0x5059,U+4FCE,俎,0x4C204
3022,0x505A,U+4FD8,俘,0x4C244
3023,0x505B,U+4FDB,俛,0x4C284
3024,0x505C,U+4FD1,俑,0x4C2C4
3025,0x505D,U+4FDA,俚,0x4C304
3026,0x505E,U+4FD0,俐,0x4C344
3027,0x505F,U+4FE4,俤,0x4C384
3028,0x5060,U+4FE5,俥,0x4C3C4
3029,0x5061,U+501A,倚,0x4C404
3030,0x5062,U+5028,倨,0x4C444
3031,0x5063,U+5014,倔,0x4C484
3032,0x5064,U+502A,倪,0x4C4C4
3033,0x5065,U+5025,倥,0x4C504
3034,0x5066,U+5005,倅,0x4C544
3035,0x5067,U+4F1C,伜,0x4C584
3036,0x5068,U+4FF6,俶,0x4C5C4
3037,0x5069,U+5021,倡,0x4C604
3038,0x506A,U+5029,倩,0x4C644
3039,0x506B,U+502C,倬,0x4C684
3040,0x506C,U+4FFE,俾,0x4C6C4
3041,0x506D,U+4FEF,俯,0x4C704
3042,0x506E,U+5011,們,0x4C744
3043,0x506F,U+5006,倆,0x4C784
3044,0x5070,U+5043,偃,0x4C7C4
3045,0x5071,U+5047,假,0x4C804
3046,0x5072,U+6703,會,0x4C844
3047,0x5073,U+5055,偕,0x4C884
3048,0x5074,U+5050,偐,0x4C8C4
3049,0x5075,U+5048,偈,0x4C904
3050,0x5076,U+505A,做,0x4C944
3051,0x5077,U+5056,偖,0x4C984
3052,0x5078,U+506C,偬,0x4C9C4
3053,0x5079,U+5078,偸,0x4CA04
3054,0x507A,U+5080,傀,0x4CA44
3055,0x507B,U+509A,傚,0x4CA84
3056,0x507C,U+5085,傅,0x4CAC4
3057,0x507D,U+50B4,傴,0x4CB04
3058,0x507E,U+50B2,傲,0x4CB44
3059,0x5121,U+50C9,僉,0x4CB84
3060,0x5122,U+50CA,僊,0x4CBC4
3061,0x5123,U+50B3,傳,0x4CC04
3062,0x5124,U+50C2,僂,0x4CC44
3063,0x5125,U+50D6,僖,0x4CC84
3064,0x5126,U+50DE,僞,0x4CCC4
3065,0x5127,U+50E5,僥,0x4CD04
3066,0x5128,U+50ED,僭,0x4CD44
3067,0x5129,U+50E3,僣,0x4CD84
3068,0x512A,U+50EE,僮,0x4CDC4
3069,0x512B,U+50F9,價,0x4CE04
3070,0x512C,U+50F5,僵,0x4CE44
3071,0x512D,U+5109,儉,0x4CE84
3072,0x512E,U+5101,儁,0x4CEC4
3073,0x512F,U+5102,儂,0x4CF04
3074,0x5130,U+5116,儖,0x4CF44
3075,0x5131,U+5115,儕,0x4CF84
3076,0x5132,U+5114,儔,0x4CFC4
3077,0x5133,U+511A,儚,0x4D004
3078,0x5134,U+5121,儡,0x4D044
3079,0x5135,U+513A,儺,0x4D084
3080,0x5136,U+5137,儷,0x4D0C4
3081,0x5137,U+513C,儼,0x4D104
3082,0x5138,U+513B,儻,0x4D144
3083,0x5139,U+513F,儿,0x4D184
3084,0x513A,U+5140,兀,0x4D1C4
3085,0x513B,U+5152,兒,0x4D204
3086,0x513C,U+514C,兌,0x4D244
3087,0x513D,U+5154,兔,0x4D284
3088,0x513E,U+5162,兢,0x4D2C4
3089,0x513F,U+7AF8,竸,0x4D304
3090,0x5140,U+5169,兩,0x4D344
3091,0x5141,U+516A,兪,0x4D384
3092,0x5142,U+516E,兮,0x4D3C4
3093,0x5143,U+5180,冀,0x4D404
3094,0x5144,U+5182,冂,0x4D444
3095,0x5145,U+56D8,囘,0x4D484
3096,0x5146,U+518C,册,0x4D4C4
3097,0x5147,U+5189,冉,0x4D504
3098,0x5148,U+518F,冏,0x4D544
3099,0x5149,U+5191,冑,0x4D584
3100,0x514A,U+5193,冓,0x4D5C4
3101,0x514B,U+5195,冕,0x4D604
3102,0x514C,U+5196,冖,0x4D644
3103,0x514D,U+51A4,冤,0x4D684
3104,0x514E,U+51A6,冦,0x4D6C4
3105,0x514F,U+51A2,冢,0x4D704
3106,0x5150,U+51A9,冩,0x4D744
3107,0x5151,U+51AA,冪,0x4D784
3108,0x5152,U+51AB,冫,0x4D7C4
3109,0x5153,U+51B3,决,0x4D804
3110,0x5154,U+51B1,冱,0x4D844
3111,0x5155,U+51B2,冲,0x4D884
3112,0x5156,U+51B0,冰,0x4D8C4
3113,0x5157,U+51B5,况,0x4D904
3114,0x5158,U+51BD,冽,0x4D944
3115,0x5159,U+51C5,凅,0x4D984
3116,0x515A,U+51C9,凉,0x4D9C4
3117,0x515B,U+51DB,凛,0x4DA04
3118,0x515C,U+51E0,几,0x4DA44
3119,0x515D,U+8655,處,0x4DA84
3120,0x515E,U+51E9,凩,0x4DAC4
3121,0x515F,U+51ED,凭,0x4DB04
3122,0x5160,U+51F0,凰,0x4DB44
3123,0x5161,U+51F5,凵,0x4DB84
3124,0x5162,U+51FE,凾,0x4DBC4
3125,0x5163,U+5204,刄,0x4DC04
3126,0x5164,U+520B,刋,0x4DC44
3127,0x5165,U+5214,刔,0x4DC84
3128,0x5166,U+520E,刎,0x4DCC4
3129,0x5167,U+5227,刧,0x4DD04
3130,0x5168,U+522A,刪,0x4DD44
3131,0x5169,U+522E,刮,0x4DD84
3132,0x516A,U+5233,刳,0x4DDC4
3133,0x516B,U+5239,刹,0x4DE04
3134,0x516C,U+524F,剏,0x4DE44
3135,0x516D,U+5244,剄,0x4DE84
3136,0x516E,U+524B,剋,0x4DEC4
3137,0x516F,U+524C,剌,0x4DF04
3138,0x5170,U+525E,剞,0x4DF44
3139,0x5171,U+5254,剔,0x4DF84
3140,0x5172,U+526A,剪,0x4DFC4
3141,0x5173,U+5274,剴,0x4E004
3142,0x5174,U+5269,剩,0x4E044
3143,0x5175,U+5273,剳,0x4E084
3144,0x5176,U+527F,剿,0x4E0C4
3145,0x5177,U+527D,剽,0x4E104
3146,0x5178,U+528D,劍,0x4E144
3147,0x5179,U+5294,劔,0x4E184
3148,0x517A,U+5292,劒,0x4E1C4
3149,0x517B,U+5271,剱,0x4E204
3150,0x517C,U+5288,劈,0x4E244
3151,0x517D,U+5291,劑,0x4E284
3152,0x517E,U+8FA8,辨,0x4E2C4
3153,0x5221,U+8FA7,辧,0x4E304
3154,0x5222,U+52AC,劬,0x4E344
3155,0x5223,U+52AD,劭,0x4E384
3156,0x5224,U+52BC,劼,0x4E3C4
3157,0x5225,U+52B5,劵,0x4E404
3158,0x5226,U+52C1,勁,0x4E444
3159,0x5227,U+52CD,勍,0x4E484
3160,0x5228,U+52D7,勗,0x4E4C4
3161,0x5229,U+52DE,勞,0x4E504
3162,0x522A,U+52E3,勣,0x4E544
3163,0x522B,U+52E6,勦,0x4E584
3164,0x522C,U+98ED,飭,0x4E5C4
3165,0x522D,U+52E0,勠,0x4E604
3166,0x522E,U+52F3,勳,0x4E644
3167,0x522F,U+52F5,勵,0x4E684
3168,0x5230,U+52F8,勸,0x4E6C4
3169,0x5231,U+52F9,勹,0x4E704
3170,0x5232,U+5306,匆,0x4E744
3171,0x5233,U+5308,匈,0x4E784
3172,0x5234,U+7538,甸,0x4E7C4
3173,0x5235,U+530D,匍,0x4E804
3174,0x5236,U+5310,匐,0x4E844
3175,0x5237,U+530F,匏,0x4E884
3176,0x5238,U+5315,匕,0x4E8C4
3177,0x5239,U+531A,匚,0x4E904
3178,0x523A,U+5323,匣,0x4E944
3179,0x523B,U+532F,匯,0x4E984
3180,0x523C,U+5331,匱,0x4E9C4
3181,0x523D,U+5333,匳,0x4EA04
3182,0x523E,U+5338,匸,0x4EA44
3183,0x523F,U+5340,區,0x4EA84
3184,0x5240,U+5346,卆,0x4EAC4
3185,0x5241,U+5345,卅,0x4EB04
3186,0x5242,U+4E17,丗,0x4EB44
3187,0x5243,U+5349,卉,0x4EB84
3188,0x5244,U+534D,卍,0x4EBC4
3189,0x5245,U+51D6,凖,0x4EC04
3190,0x5246,U+535E,卞,0x4EC44
3191,0x5247,U+5369,卩,0x4EC84
3192,0x5248,U+536E,卮,0x4ECC4
3193,0x5249,U+5918,夘,0x4ED04
3194,0x524A,U+537B,卻,0x4ED44
3195,0x524B,U+5377,卷,0x4ED84
3196,0x524C,U+5382,厂,0x4EDC4
3197,0x524D,U+5396,厖,0x4EE04
3198,0x524E,U+53A0,厠,0x4EE44
3199,0x524F,U+53A6,厦,0x4EE84
3200,0x5250,U+53A5,厥,0x4EEC4
3201,0x5251,U+53AE,厮,0x4EF04
3202,0x5252,U+53B0,厰,0x4EF44
3203,0x5253,U+53B6,厶,0x4EF84
3204,0x5254,U+53C3,參,0x4EFC4
3205,0x5255,U+7C12,簒,0x4F004
3206,0x5256,U+96D9,雙,0x4F044
3207,0x5257,U+53DF,叟,0x4F084
3208,0x5258,U+66FC,曼,0x4F0C4
3209,0x5259,U+71EE,燮,0x4F104
3210,0x525A,U+53EE,叮,0x4F144
3211,0x525B,U+53E8,叨,0x4F184
3212,0x525C,U+53ED,叭,0x4F1C4
3213,0x525D,U+53FA,叺,0x4F204
3214,0x525E,U+5401,吁,0x4F244
3215,0x525F,U+543D,吽,0x4F284
3216,0x5260,U+5440,呀,0x4F2C4
3217,0x5261,U+542C,听,0x4F304
3218,0x5262,U+542D,吭,0x4F344
3219,0x5263,U+543C,吼,0x4F384
3220,0x5264,U+542E,吮,0x4F3C4
3221,0x5265,U+5436,吶,0x4F404
3222,0x5266,U+5429,吩,0x4F444
3223,0x5267,U+541D,吝,0x4F484
3224,0x5268,U+544E,呎,0x4F4C4
3225,0x5269,U+548F,咏,0x4F504
3226,0x526A,U+5475,呵,0x4F544
3227,0x526B,U+548E,咎,0x4F584
3228,0x526C,U+545F,呟,0x4F5C4
3229,0x526D,U+5471,呱,0x4F604
3230,0x526E,U+5477,呷,0x4F644
3231,0x526F,U+5470,呰,0x4F684
3232,0x5270,U+5492,咒,0x4F6C4
3233,0x5271,U+547B,呻,0x4F704
3234,0x5272,U+5480,咀,0x4F744
3235,0x5273,U+5476,呶,0x4F784
3236,0x5274,U+5484,咄,0x4F7C4
3237,0x5275,U+5490,咐,0x4F804
3238,0x5276,U+5486,咆,0x4F844
3239,0x5277,U+54C7,哇,0x4F884
3240,0x5278,U+54A2,咢,0x4F8C4
3241,0x5279,U+54B8,咸,0x4F904
3242,0x527A,U+54A5,咥,0x4F944
3243,0x527B,U+54AC,咬,0x4F984
3244,0x527C,U+54C4,哄,0x4F9C4
3245,0x527D,U+54C8,哈,0x4FA04
3246,0x527E,U+54A8,咨,0x4FA44
3247,0x5321,U+54AB,咫,0x4FA84
3248,0x5322,U+54C2,哂,0x4FAC4
3249,0x5323,U+54A4,咤,0x4FB04
3250,0x5324,U+54BE,咾,0x4FB44
3251,0x5325,U+54BC,咼,0x4FB84
3252,0x5326,U+54D8,哘,0x4FBC4
3253,0x5327,U+54E5,哥,0x4FC04
3254,0x5328,U+54E6,哦,0x4FC44
3255,0x5329,U+550F,唏,0x4FC84
3256,0x532A,U+5514,唔,0x4FCC4
3257,0x532B,U+54FD,哽,0x4FD04
3258,0x532C,U+54EE,哮,0x4FD44
3259,0x532D,U+54ED,哭,0x4FD84
3260,0x532E,U+54FA,哺,0x4FDC4
3261,0x532F,U+54E2,哢,0x4FE04
3262,0x5330,U+5539,唹,0x4FE44
3263,0x5331,U+5540,啀,0x4FE84
3264,0x5332,U+5563,啣,0x4FEC4
3265,0x5333,U+554C,啌,0x4FF04
3266,0x5334,U+552E,售,0x4FF44
3267,0x5335,U+555C,啜,0x4FF84
3268,0x5336,U+5545,啅,0x4FFC4
3269,0x5337,U+5556,啖,0x50004
3270,0x5338,U+5557,啗,0x50044
3271,0x5339,U+5538,唸,0x50084
3272,0x533A,U+5533,唳,0x500C4
3273,0x533B,U+555D,啝,0x50104
3274,0x533C,U+5599,喙,0x50144
3275,0x533D,U+5580,喀,0x50184
3276,0x533E,U+54AF,咯,0x501C4
3277,0x533F,U+558A,喊,0x50204
3278,0x5340,U+559F,喟,0x50244
3279,0x5341,U+557B,啻,0x50284
3280,0x5342,U+557E,啾,0x502C4
3281,0x5343,U+5598,喘,0x50304
3282,0x5344,U+559E,喞,0x50344
3283,0x5345,U+55AE,單,0x50384
3284,0x5346,U+557C,啼,0x503C4
3285,0x5347,U+5583,喃,0x50404
3286,0x5348,U+55A9,喩,0x50444
3287,0x5349,U+5587,喇,0x50484
3288,0x534A,U+55A8,喨,0x504C4
3289,0x534B,U+55DA,嗚,0x50504
3290,0x534C,U+55C5,嗅,0x50544
3291,0x534D,U+55DF,嗟,0x50584
3292,0x534E,U+55C4,嗄,0x505C4
3293,0x534F,U+55DC,嗜,0x50604
3294,0x5350,U+55E4,嗤,0x50644
3295,0x5351,U+55D4,嗔,0x50684
3296,0x5352,U+5614,嘔,0x506C4
3297,0x5353,U+55F7,嗷,0x50704
3298,0x5354,U+5616,嘖,0x50744
3299,0x5355,U+55FE,嗾,0x50784
3300,0x5356,U+55FD,嗽,0x507C4
3301,0x5357,U+561B,嘛,0x50804
3302,0x5358,U+55F9,嗹,0x50844
3303,0x5359,U+564E,噎,0x50884
3304,0x535A,U+5650,噐,0x508C4
3305,0x535B,U+71DF,營,0x50904
3306,0x535C,U+5634,嘴,0x50944
3307,0x535D,U+5636,嘶,0x50984
3308,0x535E,U+5632,嘲,0x509C4
3309,0x535F,U+5638,嘸,0x50A04
3310,0x5360,U+566B,噫,0x50A44
3311,0x5361,U+5664,噤,0x50A84
3312,0x5362,U+562F,嘯,0x50AC4
3313,0x5363,U+566C,噬,0x50B04
3314,0x5364,U+566A,噪,0x50B44
3315,0x5365,U+5686,嚆,0x50B84
3316,0x5366,U+5680,嚀,0x50BC4
3317,0x5367,U+568A,嚊,0x50C04
3318,0x5368,U+56A0,嚠,0x50C44
3319,0x5369,U+5694,嚔,0x50C84
3320,0x536A,U+568F,嚏,0x50CC4
3321,0x536B,U+56A5,嚥,0x50D04
3322,0x536C,U+56AE,嚮,0x50D44
3323,0x536D,U+56B6,嚶,0x50D84
3324,0x536E,U+56B4,嚴,0x50DC4
3325,0x536F,U+56C2,囂,0x50E04
3326,0x5370,U+56BC,嚼,0x50E44
3327,0x5371,U+56C1,囁,0x50E84
3328,0x5372,U+56C3,囃,0x50EC4
3329,0x5373,U+56C0,囀,0x50F04
3330,0x5374,U+56C8,囈,0x50F44
3331,0x5375,U+56CE,囎,0x50F84
3332,0x5376,U+56D1,囑,0x50FC4
3333,0x5377,U+56D3,囓,0x51004
3334,0x5378,U+56D7,囗,0x51044
3335,0x5379,U+56EE,囮,0x51084
3336,0x537A,U+56F9,囹,0x510C4
3337,0x537B,U+5700,圀,0x51104
3338,0x537C,U+56FF,囿,0x51144
3339,0x537D,U+5704,圄,0x51184
3340,0x537E,U+5709,圉,0x511C4
3341,0x5421,U+5708,圈,0x51204
3342,0x5422,U+570B,國,0x51244
3343,0x5423,U+570D,圍,0x51284
3344,0x5424,U+5713,圓,0x512C4
3345,0x5425,U+5718,團,0x51304
3346,0x5426,U+5716,圖,0x51344
3347,0x5427,U+55C7,嗇,0x51384
3348,0x5428,U+571C,圜,0x513C4
3349,0x5429,U+5726,圦,0x51404
3350,0x542A,U+5737,圷,0x51444
3351,0x542B,U+5738,圸,0x51484
3352,0x542C,U+574E,坎,0x514C4
3353,0x542D,U+573B,圻,0x51504
3354,0x542E,U+5740,址,0x51544
3355,0x542F,U+574F,坏,0x51584
3356,0x5430,U+5769,坩,0x515C4
3357,0x5431,U+57C0,埀,0x51604
3358,0x5432,U+5788,垈,0x51644
3359,0x5433,U+5761,坡,0x51684
3360,0x5434,U+577F,坿,0x516C4
3361,0x5435,U+5789,垉,0x51704
3362,0x5436,U+5793,垓,0x51744
3363,0x5437,U+57A0,垠,0x51784
3364,0x5438,U+57B3,垳,0x517C4
3365,0x5439,U+57A4,垤,0x51804
3366,0x543A,U+57AA,垪,0x51844
3367,0x543B,U+57B0,垰,0x51884
3368,0x543C,U+57C3,埃,0x518C4
3369,0x543D,U+57C6,埆,0x51904
3370,0x543E,U+57D4,埔,0x51944
3371,0x543F,U+57D2,埒,0x51984
3372,0x5440,U+57D3,埓,0x519C4
3373,0x5441,U+580A,堊,0x51A04
3374,0x5442,U+57D6,埖,0x51A44
3375,0x5443,U+57E3,埣,0x51A84
3376,0x5444,U+580B,堋,0x51AC4
3377,0x5445,U+5819,堙,0x51B04
3378,0x5446,U+581D,堝,0x51B44
3379,0x5447,U+5872,塲,0x51B84
3380,0x5448,U+5821,堡,0x51BC4
3381,0x5449,U+5862,塢,0x51C04
3382,0x544A,U+584B,塋,0x51C44
3383,0x544B,U+5870,塰,0x51C84
3384,0x544C,U+6BC0,毀,0x51CC4
3385,0x544D,U+5852,塒,0x51D04
3386,0x544E,U+583D,堽,0x51D44
3387,0x544F,U+5879,塹,0x51D84
3388,0x5450,U+5885,墅,0x51DC4
3389,0x5451,U+58B9,墹,0x51E04
3390,0x5452,U+589F,墟,0x51E44
3391,0x5453,U+58AB,墫,0x51E84
3392,0x5454,U+58BA,墺,0x51EC4
3393,0x5455,U+58DE,壞,0x51F04
3394,0x5456,U+58BB,墻,0x51F44
3395,0x5457,U+58B8,墸,0x51F84
3396,0x5458,U+58AE,墮,0x51FC4
3397,0x5459,U+58C5,壅,0x52004
3398,0x545A,U+58D3,壓,0x52044
3399,0x545B,U+58D1,壑,0x52084
3400,0x545C,U+58D7,壗,0x520C4
3401,0x545D,U+58D9,壙,0x52104
3402,0x545E,U+58D8,壘,0x52144
3403,0x545F,U+58E5,壥,0x52184
3404,0x5460,U+58DC,壜,0x521C4
3405,0x5461,U+58E4,壤,0x52204
3406,0x5462,U+58DF,壟,0x52244
3407,0x5463,U+58EF,壯,0x52284
3408,0x5464,U+58FA,壺,0x522C4
3409,0x5465,U+58F9,壹,0x52304
3410,0x5466,U+58FB,壻,0x52344
3411,0x5467,U+58FC,壼,0x52384
3412,0x5468,U+58FD,壽,0x523C4
3413,0x5469,U+5902,夂,0x52404
3414,0x546A,U+590A,夊,0x52444
3415,0x546B,U+5910,夐,0x52484
3416,0x546C,U+591B,夛,0x524C4
3417,0x546D,U+68A6,梦,0x52504
3418,0x546E,U+5925,夥,0x52544
3419,0x546F,U+592C,夬,0x52584
3420,0x5470,U+592D,夭,0x525C4
3421,0x5471,U+5932,夲,0x52604
3422,0x5472,U+5938,夸,0x52644
3423,0x5473,U+593E,夾,0x52684
3424,0x5474,U+7AD2,竒,0x526C4
3425,0x5475,U+5955,奕,0x52704
3426,0x5476,U+5950,奐,0x52744
3427,0x5477,U+594E,奎,0x52784
3428,0x5478,U+595A,奚,0x527C4
3429,0x5479,U+5958,奘,0x52804
3430,0x547A,U+5962,奢,0x52844
3431,0x547B,U+5960,奠,0x52884
3432,0x547C,U+5967,奧,0x528C4
3433,0x547D,U+596C,奬,0x52904
3434,0x547E,U+5969,奩,0x52944
3435,0x5521,U+5978,奸,0x52984
3436,0x5522,U+5981,妁,0x529C4
3437,0x5523,U+599D,妝,0x52A04
3438,0x5524,U+4F5E,佞,0x52A44
3439,0x5525,U+4FAB,侫,0x52A84
3440,0x5526,U+59A3,妣,0x52AC4
3441,0x5527,U+59B2,妲,0x52B04
3442,0x5528,U+59C6,姆,0x52B44
3443,0x5529,U+59E8,姨,0x52B84
3444,0x552A,U+59DC,姜,0x52BC4
3445,0x552B,U+598D,妍,0x52C04
3446,0x552C,U+59D9,姙,0x52C44
3447,0x552D,U+59DA,姚,0x52C84
3448,0x552E,U+5A25,娥,0x52CC4
3449,0x552F,U+5A1F,娟,0x52D04
3450,0x5530,U+5A11,娑,0x52D44
3451,0x5531,U+5A1C,娜,0x52D84
3452,0x5532,U+5A09,娉,0x52DC4
3453,0x5533,U+5A1A,娚,0x52E04
3454,0x5534,U+5A40,婀,0x52E44
3455,0x5535,U+5A6C,婬,0x52E84
3456,0x5536,U+5A49,婉,0x52EC4
3457,0x5537,U+5A35,娵,0x52F04
3458,0x5538,U+5A36,娶,0x52F44
3459,0x5539,U+5A62,婢,0x52F84
3460,0x553A,U+5A6A,婪,0x52FC4
3461,0x553B,U+5A9A,媚,0x53004
3462,0x553C,U+5ABC,媼,0x53044
3463,0x553D,U+5ABE,媾,0x53084
3464,0x553E,U+5ACB,嫋,0x530C4
3465,0x553F,U+5AC2,嫂,0x53104
3466,0x5540,U+5ABD,媽,0x53144
3467,0x5541,U+5AE3,嫣,0x53184
3468,0x5542,U+5AD7,嫗,0x531C4
3469,0x5543,U+5AE6,嫦,0x53204
3470,0x5544,U+5AE9,嫩,0x53244
3471,0x5545,U+5AD6,嫖,0x53284
3472,0x5546,U+5AFA,嫺,0x532C4
3473,0x5547,U+5AFB,嫻,0x53304
3474,0x5548,U+5B0C,嬌,0x53344
3475,0x5549,U+5B0B,嬋,0x53384
3476,0x554A,U+5B16,嬖,0x533C4
3477,0x554B,U+5B32,嬲,0x53404
3478,0x554C,U+5AD0,嫐,0x53444
3479,0x554D,U+5B2A,嬪,0x53484
3480,0x554E,U+5B36,嬶,0x534C4
3481,0x554F,U+5B3E,嬾,0x53504
3482,0x5550,U+5B43,孃,0x53544
3483,0x5551,U+5B45,孅,0x53584
3484,0x5552,U+5B40,孀,0x535C4
3485,0x5553,U+5B51,孑,0x53604
3486,0x5554,U+5B55,孕,0x53644
3487,0x5555,U+5B5A,孚,0x53684
3488,0x5556,U+5B5B,孛,0x536C4
3489,0x5557,U+5B65,孥,0x53704
3490,0x5558,U+5B69,孩,0x53744
3491,0x5559,U+5B70,孰,0x53784
3492,0x555A,U+5B73,孳,0x537C4
3493,0x555B,U+5B75,孵,0x53804
3494,0x555C,U+5B78,學,0x53844
3495,0x555D,U+6588,斈,0x53884
3496,0x555E,U+5B7A,孺,0x538C4
3497,0x555F,U+5B80,宀,0x53904
3498,0x5560,U+5B83,它,0x53944
3499,0x5561,U+5BA6,宦,0x53984
3500,0x5562,U+5BB8,宸,0x539C4
3501,0x5563,U+5BC3,寃,0x53A04
3502,0x5564,U+5BC7,寇,0x53A44
3503,0x5565,U+5BC9,寉,0x53A84
3504,0x5566,U+5BD4,寔,0x53AC4
3505,0x5567,U+5BD0,寐,0x53B04
3506,0x5568,U+5BE4,寤,0x53B44
3507,0x5569,U+5BE6,實,0x53B84
3508,0x556A,U+5BE2,寢,0x53BC4
3509,0x556B,U+5BDE,寞,0x53C04
3510,0x556C,U+5BE5,寥,0x53C44
3511,0x556D,U+5BEB,寫,0x53C84
3512,0x556E,U+5BF0,寰,0x53CC4
3513,0x556F,U+5BF6,寶,0x53D04
3514,0x5570,U+5BF3,寳,0x53D44
3515,0x5571,U+5C05,尅,0x53D84
3516,0x5572,U+5C07,將,0x53DC4
3517,0x5573,U+5C08,專,0x53E04
3518,0x5574,U+5C0D,對,0x53E44
3519,0x5575,U+5C13,尓,0x53E84
3520,0x5576,U+5C20,尠,0x53EC4
3521,0x5577,U+5C22,尢,0x53F04
3522,0x5578,U+5C28,尨,0x53F44
3523,0x5579,U+5C38,尸,0x53F84
3524,0x557A,U+5C39,尹,0x53FC4
3525,0x557B,U+5C41,屁,0x54004
3526,0x557C,U+5C46,屆,0x54044
3527,0x557D,U+5C4E,屎,0x54084
3528,0x557E,U+5C53,屓,0x540C4
3529,0x5621,U+5C50,屐,0x54104
3530,0x5622,U+5C4F,屏,0x54144
3531,0x5623,U+5B71,孱,0x54184
3532,0x5624,U+5C6C,屬,0x541C4
3533,0x5625,U+5C6E,屮,0x54204
3534,0x5626,U+4E62,乢,0x54244
3535,0x5627,U+5C76,屶,0x54284
3536,0x5628,U+5C79,屹,0x542C4
3537,0x5629,U+5C8C,岌,0x54304
3538,0x562A,U+5C91,岑,0x54344
3539,0x562B,U+5C94,岔,0x54384
3540,0x562C,U+599B,妛,0x543C4
3541,0x562D,U+5CAB,岫,0x54404
3542,0x562E,U+5CBB,岻,0x54444
3543,0x562F,U+5CB6,岶,0x54484
3544,0x5630,U+5CBC,岼,0x544C4
3545,0x5631,U+5CB7,岷,0x54504
3546,0x5632,U+5CC5,峅,0x54544
3547,0x5633,U+5CBE,岾,0x54584
3548,0x5634,U+5CC7,峇,0x545C4
3549,0x5635,U+5CD9,峙,0x54604
3550,0x5636,U+5CE9,峩,0x54644
3551,0x5637,U+5CFD,峽,0x54684
3552,0x5638,U+5CFA,峺,0x546C4
3553,0x5639,U+5CED,峭,0x54704
3554,0x563A,U+5D8C,嶌,0x54744
3555,0x563B,U+5CEA,峪,0x54784
3556,0x563C,U+5D0B,崋,0x547C4
3557,0x563D,U+5D15,崕,0x54804
3558,0x563E,U+5D17,崗,0x54844
3559,0x563F,U+5D5C,嵜,0x54884
3560,0x5640,U+5D1F,崟,0x548C4
3561,0x5641,U+5D1B,崛,0x54904
3562,0x5642,U+5D11,崑,0x54944
3563,0x5643,U+5D14,崔,0x54984
3564,0x5644,U+5D22,崢,0x549C4
3565,0x5645,U+5D1A,崚,0x54A04
3566,0x5646,U+5D19,崙,0x54A44
3567,0x5647,U+5D18,崘,0x54A84
3568,0x5648,U+5D4C,嵌,0x54AC4
3569,0x5649,U+5D52,嵒,0x54B04
3570,0x564A,U+5D4E,嵎,0x54B44
3571,0x564B,U+5D4B,嵋,0x54B84
3572,0x564C,U+5D6C,嵬,0x54BC4
3573,0x564D,U+5D73,嵳,0x54C04
3574,0x564E,U+5D76,嵶,0x54C44
3575,0x564F,U+5D87,嶇,0x54C84
3576,0x5650,U+5D84,嶄,0x54CC4
3577,0x5651,U+5D82,嶂,0x54D04
3578,0x5652,U+5DA2,嶢,0x54D44
3579,0x5653,U+5D9D,嶝,0x54D84
3580,0x5654,U+5DAC,嶬,0x54DC4
3581,0x5655,U+5DAE,嶮,0x54E04
3582,0x5656,U+5DBD,嶽,0x54E44
3583,0x5657,U+5D90,嶐,0x54E84
3584,0x5658,U+5DB7,嶷,0x54EC4
3585,0x5659,U+5DBC,嶼,0x54F04
3586,0x565A,U+5DC9,巉,0x54F44
3587,0x565B,U+5DCD,巍,0x54F84
3588,0x565C,U+5DD3,巓,0x54FC4
3589,0x565D,U+5DD2,巒,0x55004
3590,0x565E,U+5DD6,巖,0x55044
3591,0x565F,U+5DDB,巛,0x55084
3592,0x5660,U+5DEB,巫,0x550C4
3593,0x5661,U+5DF2,已,0x55104
3594,0x5662,U+5DF5,巵,0x55144
3595,0x5663,U+5E0B,帋,0x55184
3596,0x5664,U+5E1A,帚,0x551C4
3597,0x5665,U+5E19,帙,0x55204
3598,0x5666,U+5E11,帑,0x55244
3599,0x5667,U+5E1B,帛,0x55284
3600,0x5668,U+5E36,帶,0x552C4
3601,0x5669,U+5E37,帷,0x55304
3602,0x566A,U+5E44,幄,0x55344
3603,0x566B,U+5E43,幃,0x55384
3604,0x566C,U+5E40,幀,0x553C4
3605,0x566D,U+5E4E,幎,0x55404
3606,0x566E,U+5E57,幗,0x55444
3607,0x566F,U+5E54,幔,0x55484
3608,0x5670,U+5E5F,幟,0x554C4
3609,0x5671,U+5E62,幢,0x55504
3610,0x5672,U+5E64,幤,0x55544
3611,0x5673,U+5E47,幇,0x55584
3612,0x5674,U+5E75,幵,0x555C4
3613,0x5675,U+5E76,并,0x55604
3614,0x5676,U+5E7A,幺,0x55644
3615,0x5677,U+9EBC,麼,0x55684
3616,0x5678,U+5E7F,广,0x556C4
3617,0x5679,U+5EA0,庠,0x55704
3618,0x567A,U+5EC1,廁,0x55744
3619,0x567B,U+5EC2,廂,0x55784
3620,0x567C,U+5EC8,廈,0x557C4
3621,0x567D,U+5ED0,廐,0x55804
3622,0x567E,U+5ECF,廏,0x55844
3623,0x5721,U+5ED6,廖,0x55884
3624,0x5722,U+5EE3,廣,0x558C4
3625,0x5723,U+5EDD,廝,0x55904
3626,0x5724,U+5EDA,廚,0x55944
3627,0x5725,U+5EDB,廛,0x55984
3628,0x5726,U+5EE2,廢,0x559C4
3629,0x5727,U+5EE1,廡,0x55A04
3630,0x5728,U+5EE8,廨,0x55A44
3631,0x5729,U+5EE9,廩,0x55A84
3632,0x572A,U+5EEC,廬,0x55AC4
3633,0x572B,U+5EF1,廱,0x55B04
3634,0x572C,U+5EF3,廳,0x55B44
3635,0x572D,U+5EF0,廰,0x55B84
3636,0x572E,U+5EF4,廴,0x55BC4
3637,0x572F,U+5EF8,廸,0x55C04
3638,0x5730,U+5EFE,廾,0x55C44
3639,0x5731,U+5F03,弃,0x55C84
3640,0x5732,U+5F09,弉,0x55CC4
3641,0x5733,U+5F5D,彝,0x55D04
3642,0x5734,U+5F5C,彜,0x55D44
3643,0x5735,U+5F0B,弋,0x55D84
3644,0x5736,U+5F11,弑,0x55DC4
3645,0x5737,U+5F16,弖,0x55E04
3646,0x5738,U+5F29,弩,0x55E44
3647,0x5739,U+5F2D,弭,0x55E84
3648,0x573A,U+5F38,弸,0x55EC4
3649,0x573B,U+5F41,彁,0x55F04
3650,0x573C,U+5F48,彈,0x55F44
3651,0x573D,U+5F4C,彌,0x55F84
3652,0x573E,U+5F4E,彎,0x55FC4
3653,0x573F,U+5F2F,弯,0x56004
3654,0x5740,U+5F51,彑,0x56044
3655,0x5741,U+5F56,彖,0x56084
3656,0x5742,U+5F57,彗,0x560C4
3657,0x5743,U+5F59,彙,0x56104
3658,0x5744,U+5F61,彡,0x56144
3659,0x5745,U+5F6D,彭,0x56184
3660,0x5746,U+5F73,彳,0x561C4
3661,0x5747,U+5F77,彷,0x56204
3662,0x5748,U+5F83,徃,0x56244
3663,0x5749,U+5F82,徂,0x56284
3664,0x574A,U+5F7F,彿,0x562C4
3665,0x574B,U+5F8A,徊,0x56304
3666,0x574C,U+5F88,很,0x56344
3667,0x574D,U+5F91,徑,0x56384
3668,0x574E,U+5F87,徇,0x563C4
3669,0x574F,U+5F9E,從,0x56404
3670,0x5750,U+5F99,徙,0x56444
3671,0x5751,U+5F98,徘,0x56484
3672,0x5752,U+5FA0,徠,0x564C4
3673,0x5753,U+5FA8,徨,0x56504
3674,0x5754,U+5FAD,徭,0x56544
3675,0x5755,U+5FBC,徼,0x56584
3676,0x5756,U+5FD6,忖,0x565C4
3677,0x5757,U+5FFB,忻,0x56604
3678,0x5758,U+5FE4,忤,0x56644
3679,0x5759,U+5FF8,忸,0x56684
3680,0x575A,U+5FF1,忱,0x566C4
3681,0x575B,U+5FDD,忝,0x56704
3682,0x575C,U+60B3,悳,0x56744
3683,0x575D,U+5FFF,忿,0x56784
3684,0x575E,U+6021,怡,0x567C4
3685,0x575F,U+6060,恠,0x56804
3686,0x5760,U+6019,怙,0x56844
3687,0x5761,U+6010,怐,0x56884
3688,0x5762,U+6029,怩,0x568C4
3689,0x5763,U+600E,怎,0x56904
3690,0x5764,U+6031,怱,0x56944
3691,0x5765,U+601B,怛,0x56984
3692,0x5766,U+6015,怕,0x569C4
3693,0x5767,U+602B,怫,0x56A04
3694,0x5768,U+6026,怦,0x56A44
3695,0x5769,U+600F,怏,0x56A84
3696,0x576A,U+603A,怺,0x56AC4
3697,0x576B,U+605A,恚,0x56B04
3698,0x576C,U+6041,恁,0x56B44
3699,0x576D,U+606A,恪,0x56B84
3700,0x576E,U+6077,恷,0x56BC4
3701,0x576F,U+605F,恟,0x56C04
3702,0x5770,U+604A,恊,0x56C44
3703,0x5771,U+6046,恆,0x56C84
3704,0x5772,U+604D,恍,0x56CC4
3705,0x5773,U+6063,恣,0x56D04
3706,0x5774,U+6043,恃,0x56D44
3707,0x5775,U+6064,恤,0x56D84
3708,0x5776,U+6042,恂,0x56DC4
3709,0x5777,U+606C,恬,0x56E04
3710,0x5778,U+606B,恫,0x56E44
3711,0x5779,U+6059,恙,0x56E84
3712,0x577A,U+6081,悁,0x56EC4
3713,0x577B,U+608D,悍,0x56F04
3714,0x577C,U+60E7,惧,0x56F44
3715,0x577D,U+6083,悃,0x56F84
3716,0x577E,U+609A,悚,0x56FC4
3717,0x5821,U+6084,悄,0x57004
3718,0x5822,U+609B,悛,0x57044
3719,0x5823,U+6096,悖,0x57084
3720,0x5824,U+6097,悗,0x570C4
3721,0x5825,U+6092,悒,0x57104
3722,0x5826,U+60A7,悧,0x57144
3723,0x5827,U+608B,悋,0x57184
3724,0x5828,U+60E1,惡,0x571C4
3725,0x5829,U+60B8,悸,0x57204
3726,0x582A,U+60E0,惠,0x57244
3727,0x582B,U+60D3,惓,0x57284
3728,0x582C,U+60B4,悴,0x572C4
3729,0x582D,U+5FF0,忰,0x57304
3730,0x582E,U+60BD,悽,0x57344
3731,0x582F,U+60C6,惆,0x57384
3732,0x5830,U+60B5,悵,0x573C4
3733,0x5831,U+60D8,惘,0x57404
3734,0x5832,U+614D,慍,0x57444
3735,0x5833,U+6115,愕,0x57484
3736,0x5834,U+6106,愆,0x574C4
3737,0x5835,U+60F6,惶,0x57504
3738,0x5836,U+60F7,惷,0x57544
3739,0x5837,U+6100,愀,0x57584
3740,0x5838,U+60F4,惴,0x575C4
3741,0x5839,U+60FA,惺,0x57604
3742,0x583A,U+6103,愃,0x57644
3743,0x583B,U+6121,愡,0x57684
3744,0x583C,U+60FB,惻,0x576C4
3745,0x583D,U+60F1,惱,0x57704
3746,0x583E,U+610D,愍,0x57744
3747,0x583F,U+610E,愎,0x57784
3748,0x5840,U+6147,慇,0x577C4
3749,0x5841,U+613E,愾,0x57804
3750,0x5842,U+6128,愨,0x57844
3751,0x5843,U+6127,愧,0x57884
3752,0x5844,U+614A,慊,0x578C4
3753,0x5845,U+613F,愿,0x57904
3754,0x5846,U+613C,愼,0x57944
3755,0x5847,U+612C,愬,0x57984
3756,0x5848,U+6134,愴,0x579C4
3757,0x5849,U+613D,愽,0x57A04
3758,0x584A,U+6142,慂,0x57A44
3759,0x584B,U+6144,慄,0x57A84
3760,0x584C,U+6173,慳,0x57AC4
3761,0x584D,U+6177,慷,0x57B04
3762,0x584E,U+6158,慘,0x57B44
3763,0x584F,U+6159,慙,0x57B84
3764,0x5850,U+615A,慚,0x57BC4
3765,0x5851,U+616B,慫,0x57C04
3766,0x5852,U+6174,慴,0x57C44
3767,0x5853,U+616F,慯,0x57C84
3768,0x5854,U+6165,慥,0x57CC4
3769,0x5855,U+6171,慱,0x57D04
3770,0x5856,U+615F,慟,0x57D44
3771,0x5857,U+615D,慝,0x57D84
3772,0x5858,U+6153,慓,0x57DC4
3773,0x5859,U+6175,慵,0x57E04
3774,0x585A,U+6199,憙,0x57E44
3775,0x585B,U+6196,憖,0x57E84
3776,0x585C,U+6187,憇,0x57EC4
3777,0x585D,U+61AC,憬,0x57F04
3778,0x585E,U+6194,憔,0x57F44
3779,0x585F,U+619A,憚,0x57F84
3780,0x5860,U+618A,憊,0x57FC4
3781,0x5861,U+6191,憑,0x58004
3782,0x5862,U+61AB,憫,0x58044
3783,0x5863,U+61AE,憮,0x58084
3784,0x5864,U+61CC,懌,0x580C4
3785,0x5865,U+61CA,懊,0x58104
3786,0x5866,U+61C9,應,0x58144
3787,0x5867,U+61F7,懷,0x58184
3788,0x5868,U+61C8,懈,0x581C4
3789,0x5869,U+61C3,懃,0x58204
3790,0x586A,U+61C6,懆,0x58244
3791,0x586B,U+61BA,憺,0x58284
3792,0x586C,U+61CB,懋,0x582C4
3793,0x586D,U+7F79,罹,0x58304
3794,0x586E,U+61CD,懍,0x58344
3795,0x586F,U+61E6,懦,0x58384
3796,0x5870,U+61E3,懣,0x583C4
3797,0x5871,U+61F6,懶,0x58404
3798,0x5872,U+61FA,懺,0x58444
3799,0x5873,U+61F4,懴,0x58484
3800,0x5874,U+61FF,懿,0x584C4
3801,0x5875,U+61FD,懽,0x58504
3802,0x5876,U+61FC,懼,0x58544
3803,0x5877,U+61FE,懾,0x58584
3804,0x5878,U+6200,戀,0x585C4
3805,0x5879,U+6208,戈,0x58604
3806,0x587A,U+6209,戉,0x58644
3807,0x587B,U+620D,戍,0x58684
3808,0x587C,U+620C,戌,0x586C4
3809,0x587D,U+6214,戔,0x58704
3810,0x587E,U+621B,戛,0x58744
3811,0x5921,U+621E,戞,0x58784
3812,0x5922,U+6221,戡,0x587C4
3813,0x5923,U+622A,截,0x58804
3814,0x5924,U+622E,戮,0x58844
3815,0x5925,U+6230,戰,0x58884
3816,0x5926,U+6232,戲,0x588C4
3817,0x5927,U+6233,戳,0x58904
3818,0x5928,U+6241,扁,0x58944
3819,0x5929,U+624E,扎,0x58984
3820,0x592A,U+625E,扞,0x589C4
3821,0x592B,U+6263,扣,0x58A04
3822,0x592C,U+625B,扛,0x58A44
3823,0x592D,U+6260,扠,0x58A84
3824,0x592E,U+6268,扨,0x58AC4
3825,0x592F,U+627C,扼,0x58B04
3826,0x5930,U+6282,抂,0x58B44
3827,0x5931,U+6289,抉,0x58B84
3828,0x5932,U+627E,找,0x58BC4
3829,0x5933,U+6292,抒,0x58C04
3830,0x5934,U+6293,抓,0x58C44
3831,0x5935,U+6296,抖,0x58C84
3832,0x5936,U+62D4,拔,0x58CC4
3833,0x5937,U+6283,抃,0x58D04
3834,0x5938,U+6294,抔,0x58D44
3835,0x5939,U+62D7,拗,0x58D84
3836,0x593A,U+62D1,拑,0x58DC4
3837,0x593B,U+62BB,抻,0x58E04
3838,0x593C,U+62CF,拏,0x58E44
3839,0x593D,U+62FF,拿,0x58E84
3840,0x593E,U+62C6,拆,0x58EC4
3841,0x593F,U+64D4,擔,0x58F04
3842,0x5940,U+62C8,拈,0x58F44
3843,0x5941,U+62DC,拜,0x58F84
3844,0x5942,U+62CC,拌,0x58FC4
3845,0x5943,U+62CA,拊,0x59004
3846,0x5944,U+62C2,拂,0x59044
3847,0x5945,U+62C7,拇,0x59084
3848,0x5946,U+629B,抛,0x590C4
3849,0x5947,U+62C9,拉,0x59104
3850,0x5948,U+630C,挌,0x59144
3851,0x5949,U+62EE,拮,0x59184
3852,0x594A,U+62F1,拱,0x591C4
3853,0x594B,U+6327,挧,0x59204
3854,0x594C,U+6302,挂,0x59244
3855,0x594D,U+6308,挈,0x59284
3856,0x594E,U+62EF,拯,0x592C4
3857,0x594F,U+62F5,拵,0x59304
3858,0x5950,U+6350,捐,0x59344
3859,0x5951,U+633E,挾,0x59384
3860,0x5952,U+634D,捍,0x593C4
3861,0x5953,U+641C,搜,0x59404
3862,0x5954,U+634F,捏,0x59444
3863,0x5955,U+6396,掖,0x59484
3864,0x5956,U+638E,掎,0x594C4
3865,0x5957,U+6380,掀,0x59504
3866,0x5958,U+63AB,掫,0x59544
3867,0x5959,U+6376,捶,0x59584
3868,0x595A,U+63A3,掣,0x595C4
3869,0x595B,U+638F,掏,0x59604
3870,0x595C,U+6389,掉,0x59644
3871,0x595D,U+639F,掟,0x59684
3872,0x595E,U+63B5,掵,0x596C4
3873,0x595F,U+636B,捫,0x59704
3874,0x5960,U+6369,捩,0x59744
3875,0x5961,U+63BE,掾,0x59784
3876,0x5962,U+63E9,揩,0x597C4
3877,0x5963,U+63C0,揀,0x59804
3878,0x5964,U+63C6,揆,0x59844
3879,0x5965,U+63E3,揣,0x59884
3880,0x5966,U+63C9,揉,0x598C4
3881,0x5967,U+63D2,插,0x59904
3882,0x5968,U+63F6,揶,0x59944
3883,0x5969,U+63C4,揄,0x59984
3884,0x596A,U+6416,搖,0x599C4
3885,0x596B,U+6434,搴,0x59A04
3886,0x596C,U+6406,搆,0x59A44
3887,0x596D,U+6413,搓,0x59A84
3888,0x596E,U+6426,搦,0x59AC4
3889,0x596F,U+6436,搶,0x59B04
3890,0x5970,U+651D,攝,0x59B44
3891,0x5971,U+6417,搗,0x59B84
3892,0x5972,U+6428,搨,0x59BC4
3893,0x5973,U+640F,搏,0x59C04
3894,0x5974,U+6467,摧,0x59C44
3895,0x5975,U+646F,摯,0x59C84
3896,0x5976,U+6476,摶,0x59CC4
3897,0x5977,U+644E,摎,0x59D04
3898,0x5978,U+652A,攪,0x59D44
3899,0x5979,U+6495,撕,0x59D84
3900,0x597A,U+6493,撓,0x59DC4
3901,0x597B,U+64A5,撥,0x59E04
3902,0x597C,U+64A9,撩,0x59E44
3903,0x597D,U+6488,撈,0x59E84
3904,0x597E,U+64BC,撼,0x59EC4
3905,0x5A21,U+64DA,據,0x59F04
3906,0x5A22,U+64D2,擒,0x59F44
3907,0x5A23,U+64C5,擅,0x59F84
3908,0x5A24,U+64C7,擇,0x59FC4
3909,0x5A25,U+64BB,撻,0x5A004
3910,0x5A26,U+64D8,擘,0x5A044
3911,0x5A27,U+64C2,擂,0x5A084
3912,0x5A28,U+64F1,擱,0x5A0C4
3913,0x5A29,U+64E7,擧,0x5A104
3914,0x5A2A,U+8209,舉,0x5A144
3915,0x5A2B,U+64E0,擠,0x5A184
3916,0x5A2C,U+64E1,擡,0x5A1C4
3917,0x5A2D,U+62AC,抬,0x5A204
3918,0x5A2E,U+64E3,擣,0x5A244
3919,0x5A2F,U+64EF,擯,0x5A284
3920,0x5A30,U+652C,攬,0x5A2C4
3921,0x5A31,U+64F6,擶,0x5A304
3922,0x5A32,U+64F4,擴,0x5A344
3923,0x5A33,U+64F2,擲,0x5A384
3924,0x5A34,U+64FA,擺,0x5A3C4
3925,0x5A35,U+6500,攀,0x5A404
3926,0x5A36,U+64FD,擽,0x5A444
3927,0x5A37,U+6518,攘,0x5A484
3928,0x5A38,U+651C,攜,0x5A4C4
3929,0x5A39,U+6505,攅,0x5A504
3930,0x5A3A,U+6524,攤,0x5A544
3931,0x5A3B,U+6523,攣,0x5A584
3932,0x5A3C,U+652B,攫,0x5A5C4
3933,0x5A3D,U+6534,攴,0x5A604
3934,0x5A3E,U+6535,攵,0x5A644
3935,0x5A3F,U+6537,攷,0x5A684
3936,0x5A40,U+6536,收,0x5A6C4
3937,0x5A41,U+6538,攸,0x5A704
3938,0x5A42,U+754B,畋,0x5A744
3939,0x5A43,U+6548,效,0x5A784
3940,0x5A44,U+6556,敖,0x5A7C4
3941,0x5A45,U+6555,敕,0x5A804
3942,0x5A46,U+654D,敍,0x5A844
3943,0x5A47,U+6558,敘,0x5A884
3944,0x5A48,U+655E,敞,0x5A8C4
3945,0x5A49,U+655D,敝,0x5A904
3946,0x5A4A,U+6572,敲,0x5A944
3947,0x5A4B,U+6578,數,0x5A984
3948,0x5A4C,U+6582,斂,0x5A9C4
3949,0x5A4D,U+6583,斃,0x5AA04
3950,0x5A4E,U+8B8A,變,0x5AA44
3951,0x5A4F,U+659B,斛,0x5AA84
3952,0x5A50,U+659F,斟,0x5AAC4
3953,0x5A51,U+65AB,斫,0x5AB04
3954,0x5A52,U+65B7,斷,0x5AB44
3955,0x5A53,U+65C3,旃,0x5AB84
3956,0x5A54,U+65C6,旆,0x5ABC4
3957,0x5A55,U+65C1,旁,0x5AC04
3958,0x5A56,U+65C4,旄,0x5AC44
3959,0x5A57,U+65CC,旌,0x5AC84
3960,0x5A58,U+65D2,旒,0x5ACC4
3961,0x5A59,U+65DB,旛,0x5AD04
3962,0x5A5A,U+65D9,旙,0x5AD44
3963,0x5A5B,U+65E0,无,0x5AD84
3964,0x5A5C,U+65E1,旡,0x5ADC4
3965,0x5A5D,U+65F1,旱,0x5AE04
3966,0x5A5E,U+6772,杲,0x5AE44
3967,0x5A5F,U+660A,昊,0x5AE84
3968,0x5A60,U+6603,昃,0x5AEC4
3969,0x5A61,U+65FB,旻,0x5AF04
3970,0x5A62,U+6773,杳,0x5AF44
3971,0x5A63,U+6635,昵,0x5AF84
3972,0x5A64,U+6636,昶,0x5AFC4
3973,0x5A65,U+6634,昴,0x5B004
3974,0x5A66,U+661C,昜,0x5B044
3975,0x5A67,U+664F,晏,0x5B084
3976,0x5A68,U+6644,晄,0x5B0C4
3977,0x5A69,U+6649,晉,0x5B104
3978,0x5A6A,U+6641,晁,0x5B144
3979,0x5A6B,U+665E,晞,0x5B184
3980,0x5A6C,U+665D,晝,0x5B1C4
3981,0x5A6D,U+6664,晤,0x5B204
3982,0x5A6E,U+6667,晧,0x5B244
3983,0x5A6F,U+6668,晨,0x5B284
3984,0x5A70,U+665F,晟,0x5B2C4
3985,0x5A71,U+6662,晢,0x5B304
3986,0x5A72,U+6670,晰,0x5B344
3987,0x5A73,U+6683,暃,0x5B384
3988,0x5A74,U+6688,暈,0x5B3C4
3989,0x5A75,U+668E,暎,0x5B404
3990,0x5A76,U+6689,暉,0x5B444
3991,0x5A77,U+6684,暄,0x5B484
3992,0x5A78,U+6698,暘,0x5B4C4
3993,0x5A79,U+669D,暝,0x5B504
3994,0x5A7A,U+66C1,曁,0x5B544
3995,0x5A7B,U+66B9,暹,0x5B584
3996,0x5A7C,U+66C9,曉,0x5B5C4
3997,0x5A7D,U+66BE,暾,0x5B604
3998,0x5A7E,U+66BC,暼,0x5B644
3999,0x5B21,U+66C4,曄,0x5B684
4000,0x5B22,U+66B8,暸,0x5B6C4
4001,0x5B23,U+66D6,曖,0x5B704
4002,0x5B24,U+66DA,曚,0x5B744
4003,0x5B25,U+66E0,曠,0x5B784
4004,0x5B26,U+663F,昿,0x5B7C4
4005,0x5B27,U+66E6,曦,0x5B804
4006,0x5B28,U+66E9,曩,0x5B844
4007,0x5B29,U+66F0,曰,0x5B884
4008,0x5B2A,U+66F5,曵,0x5B8C4
4009,0x5B2B,U+66F7,曷,0x5B904
4010,0x5B2C,U+670F,朏,0x5B944
4011,0x5B2D,U+6716,朖,0x5B984
4012,0x5B2E,U+671E,朞,0x5B9C4
4013,0x5B2F,U+6726,朦,0x5BA04
4014,0x5B30,U+6727,朧,0x5BA44
4015,0x5B31,U+9738,霸,0x5BA84
4016,0x5B32,U+672E,朮,0x5BAC4
4017,0x5B33,U+673F,朿,0x5BB04
4018,0x5B34,U+6736,朶,0x5BB44
4019,0x5B35,U+6741,杁,0x5BB84
4020,0x5B36,U+6738,朸,0x5BBC4
4021,0x5B37,U+6737,朷,0x5BC04
4022,0x5B38,U+6746,杆,0x5BC44
4023,0x5B39,U+675E,杞,0x5BC84
4024,0x5B3A,U+6760,杠,0x5BCC4
4025,0x5B3B,U+6759,杙,0x5BD04
4026,0x5B3C,U+6763,杣,0x5BD44
4027,0x5B3D,U+6764,杤,0x5BD84
4028,0x5B3E,U+6789,枉,0x5BDC4
4029,0x5B3F,U+6770,杰,0x5BE04
4030,0x5B40,U+67A9,枩,0x5BE44
4031,0x5B41,U+677C,杼,0x5BE84
4032,0x5B42,U+676A,杪,0x5BEC4
4033,0x5B43,U+678C,枌,0x5BF04
4034,0x5B44,U+678B,枋,0x5BF44
4035,0x5B45,U+67A6,枦,0x5BF84
4036,0x5B46,U+67A1,枡,0x5BFC4
4037,0x5B47,U+6785,枅,0x5C004
4038,0x5B48,U+67B7,枷,0x5C044
4039,0x5B49,U+67EF,柯,0x5C084
4040,0x5B4A,U+67B4,枴,0x5C0C4
4041,0x5B4B,U+67EC,柬,0x5C104
4042,0x5B4C,U+67B3,枳,0x5C144
4043,0x5B4D,U+67E9,柩,0x5C184
4044,0x5B4E,U+67B8,枸,0x5C1C4
4045,0x5B4F,U+67E4,柤,0x5C204
4046,0x5B50,U+67DE,柞,0x5C244
4047,0x5B51,U+67DD,柝,0x5C284
4048,0x5B52,U+67E2,柢,0x5C2C4
4049,0x5B53,U+67EE,柮,0x5C304
4050,0x5B54,U+67B9,枹,0x5C344
4051,0x5B55,U+67CE,柎,0x5C384
4052,0x5B56,U+67C6,柆,0x5C3C4
4053,0x5B57,U+67E7,柧,0x5C404
4054,0x5B58,U+6A9C,檜,0x5C444
4055,0x5B59,U+681E,栞,0x5C484
4056,0x5B5A,U+6846,框,0x5C4C4
4057,0x5B5B,U+6829,栩,0x5C504
4058,0x5B5C,U+6840,桀,0x5C544
4059,0x5B5D,U+684D,桍,0x5C584
4060,0x5B5E,U+6832,栲,0x5C5C4
4061,0x5B5F,U+684E,桎,0x5C604
4062,0x5B60,U+68B3,梳,0x5C644
4063,0x5B61,U+682B,栫,0x5C684
4064,0x5B62,U+6859,桙,0x5C6C4
4065,0x5B63,U+6863,档,0x5C704
4066,0x5B64,U+6877,桷,0x5C744
4067,0x5B65,U+687F,桿,0x5C784
4068,0x5B66,U+689F,梟,0x5C7C4
4069,0x5B67,U+688F,梏,0x5C804
4070,0x5B68,U+68AD,梭,0x5C844
4071,0x5B69,U+6894,梔,0x5C884
4072,0x5B6A,U+689D,條,0x5C8C4
4073,0x5B6B,U+689B,梛,0x5C904
4074,0x5B6C,U+6883,梃,0x5C944
4075,0x5B6D,U+6AAE,檮,0x5C984
4076,0x5B6E,U+68B9,梹,0x5C9C4
4077,0x5B6F,U+6874,桴,0x5CA04
4078,0x5B70,U+68B5,梵,0x5CA44
4079,0x5B71,U+68A0,梠,0x5CA84
4080,0x5B72,U+68BA,梺,0x5CAC4
4081,0x5B73,U+690F,椏,0x5CB04
4082,0x5B74,U+688D,梍,0x5CB44
4083,0x5B75,U+687E,桾,0x5CB84
4084,0x5B76,U+6901,椁,0x5CBC4
4085,0x5B77,U+68CA,棊,0x5CC04
4086,0x5B78,U+6908,椈,0x5CC44
4087,0x5B79,U+68D8,棘,0x5CC84
4088,0x5B7A,U+6922,椢,0x5CCC4
4089,0x5B7B,U+6926,椦,0x5CD04
4090,0x5B7C,U+68E1,棡,0x5CD44
4091,0x5B7D,U+690C,椌,0x5CD84
4092,0x5B7E,U+68CD,棍,0x5CDC4
4093,0x5C21,U+68D4,棔,0x5CE04
4094,0x5C22,U+68E7,棧,0x5CE44
4095,0x5C23,U+68D5,棕,0x5CE84
4096,0x5C24,U+6936,椶,0x5CEC4
4097,0x5C25,U+6912,椒,0x5CF04
4098,0x5C26,U+6904,椄,0x5CF44
4099,0x5C27,U+68D7,棗,0x5CF84
4100,0x5C28,U+68E3,棣,0x5CFC4
4101,0x5C29,U+6925,椥,0x5D004
4102,0x5C2A,U+68F9,棹,0x5D044
4103,0x5C2B,U+68E0,棠,0x5D084
4104,0x5C2C,U+68EF,棯,0x5D0C4
4105,0x5C2D,U+6928,椨,0x5D104
4106,0x5C2E,U+692A,椪,0x5D144
4107,0x5C2F,U+691A,椚,0x5D184
4108,0x5C30,U+6923,椣,0x5D1C4
4109,0x5C31,U+6921,椡,0x5D204
4110,0x5C32,U+68C6,棆,0x5D244
4111,0x5C33,U+6979,楹,0x5D284
4112,0x5C34,U+6977,楷,0x5D2C4
4113,0x5C35,U+695C,楜,0x5D304
4114,0x5C36,U+6978,楸,0x5D344
4115,0x5C37,U+696B,楫,0x5D384
4116,0x5C38,U+6954,楔,0x5D3C4
4117,0x5C39,U+697E,楾,0x5D404
4118,0x5C3A,U+696E,楮,0x5D444
4119,0x5C3B,U+6939,椹,0x5D484
4120,0x5C3C,U+6974,楴,0x5D4C4
4121,0x5C3D,U+693D,椽,0x5D504
4122,0x5C3E,U+6959,楙,0x5D544
4123,0x5C3F,U+6930,椰,0x5D584
4124,0x5C40,U+6961,楡,0x5D5C4
4125,0x5C41,U+695E,楞,0x5D604
4126,0x5C42,U+695D,楝,0x5D644
4127,0x5C43,U+6981,榁,0x5D684
4128,0x5C44,U+696A,楪,0x5D6C4
4129,0x5C45,U+69B2,榲,0x5D704
4130,0x5C46,U+69AE,榮,0x5D744
4131,0x5C47,U+69D0,槐,0x5D784
4132,0x5C48,U+69BF,榿,0x5D7C4
4133,0x5C49,U+69C1,槁,0x5D804
4134,0x5C4A,U+69D3,槓,0x5D844
4135,0x5C4B,U+69BE,榾,0x5D884
4136,0x5C4C,U+69CE,槎,0x5D8C4
4137,0x5C4D,U+5BE8,寨,0x5D904
4138,0x5C4E,U+69CA,槊,0x5D944
4139,0x5C4F,U+69DD,槝,0x5D984
4140,0x5C50,U+69BB,榻,0x5D9C4
4141,0x5C51,U+69C3,槃,0x5DA04
4142,0x5C52,U+69A7,榧,0x5DA44
4143,0x5C53,U+6A2E,樮,0x5DA84
4144,0x5C54,U+6991,榑,0x5DAC4
4145,0x5C55,U+69A0,榠,0x5DB04
4146,0x5C56,U+699C,榜,0x5DB44
4147,0x5C57,U+6995,榕,0x5DB84
4148,0x5C58,U+69B4,榴,0x5DBC4
4149,0x5C59,U+69DE,槞,0x5DC04
4150,0x5C5A,U+69E8,槨,0x5DC44
4151,0x5C5B,U+6A02,樂,0x5DC84
4152,0x5C5C,U+6A1B,樛,0x5DCC4
4153,0x5C5D,U+69FF,槿,0x5DD04
4154,0x5C5E,U+6B0A,權,0x5DD44
4155,0x5C5F,U+69F9,槹,0x5DD84
4156,0x5C60,U+69F2,槲,0x5DDC4
4157,0x5C61,U+69E7,槧,0x5DE04
4158,0x5C62,U+6A05,樅,0x5DE44
4159,0x5C63,U+69B1,榱,0x5DE84
4160,0x5C64,U+6A1E,樞,0x5DEC4
4161,0x5C65,U+69ED,槭,0x5DF04
4162,0x5C66,U+6A14,樔,0x5DF44
4163,0x5C67,U+69EB,槫,0x5DF84
4164,0x5C68,U+6A0A,樊,0x5DFC4
4165,0x5C69,U+6A12,樒,0x5E004
4166,0x5C6A,U+6AC1,櫁,0x5E044
4167,0x5C6B,U+6A23,樣,0x5E084
4168,0x5C6C,U+6A13,樓,0x5E0C4
4169,0x5C6D,U+6A44,橄,0x5E104
4170,0x5C6E,U+6A0C,樌,0x5E144
4171,0x5C6F,U+6A72,橲,0x5E184
4172,0x5C70,U+6A36,樶,0x5E1C4
4173,0x5C71,U+6A78,橸,0x5E204
4174,0x5C72,U+6A47,橇,0x5E244
4175,0x5C73,U+6A62,橢,0x5E284
4176,0x5C74,U+6A59,橙,0x5E2C4
4177,0x5C75,U+6A66,橦,0x5E304
4178,0x5C76,U+6A48,橈,0x5E344
4179,0x5C77,U+6A38,樸,0x5E384
4180,0x5C78,U+6A22,樢,0x5E3C4
4181,0x5C79,U+6A90,檐,0x5E404
4182,0x5C7A,U+6A8D,檍,0x5E444
4183,0x5C7B,U+6AA0,檠,0x5E484
4184,0x5C7C,U+6A84,檄,0x5E4C4
4185,0x5C7D,U+6AA2,檢,0x5E504
4186,0x5C7E,U+6AA3,檣,0x5E544
4187,0x5D21,U+6A97,檗,0x5E584
4188,0x5D22,U+8617,蘗,0x5E5C4
4189,0x5D23,U+6ABB,檻,0x5E604
4190,0x5D24,U+6AC3,櫃,0x5E644
4191,0x5D25,U+6AC2,櫂,0x5E684
4192,0x5D26,U+6AB8,檸,0x5E6C4
4193,0x5D27,U+6AB3,檳,0x5E704
4194,0x5D28,U+6AAC,檬,0x5E744
4195,0x5D29,U+6ADE,櫞,0x5E784
4196,0x5D2A,U+6AD1,櫑,0x5E7C4
4197,0x5D2B,U+6ADF,櫟,0x5E804
4198,0x5D2C,U+6AAA,檪,0x5E844
4199,0x5D2D,U+6ADA,櫚,0x5E884
4200,0x5D2E,U+6AEA,櫪,0x5E8C4
4201,0x5D2F,U+6AFB,櫻,0x5E904
4202,0x5D30,U+6B05,欅,0x5E944
4203,0x5D31,U+8616,蘖,0x5E984
4204,0x5D32,U+6AFA,櫺,0x5E9C4
4205,0x5D33,U+6B12,欒,0x5EA04
4206,0x5D34,U+6B16,欖,0x5EA44
4207,0x5D35,U+9B31,鬱,0x5EA84
4208,0x5D36,U+6B1F,欟,0x5EAC4
4209,0x5D37,U+6B38,欸,0x5EB04
4210,0x5D38,U+6B37,欷,0x5EB44
4211,0x5D39,U+76DC,盜,0x5EB84
4212,0x5D3A,U+6B39,欹,0x5EBC4
4213,0x5D3B,U+98EE,飮,0x5EC04
4214,0x5D3C,U+6B47,歇,0x5EC44
4215,0x5D3D,U+6B43,歃,0x5EC84
4216,0x5D3E,U+6B49,歉,0x5ECC4
4217,0x5D3F,U+6B50,歐,0x5ED04
4218,0x5D40,U+6B59,歙,0x5ED44
4219,0x5D41,U+6B54,歔,0x5ED84
4220,0x5D42,U+6B5B,歛,0x5EDC4
4221,0x5D43,U+6B5F,歟,0x5EE04
4222,0x5D44,U+6B61,歡,0x5EE44
4223,0x5D45,U+6B78,歸,0x5EE84
4224,0x5D46,U+6B79,歹,0x5EEC4
4225,0x5D47,U+6B7F,歿,0x5EF04
4226,0x5D48,U+6B80,殀,0x5EF44
4227,0x5D49,U+6B84,殄,0x5EF84
4228,0x5D4A,U+6B83,殃,0x5EFC4
4229,0x5D4B,U+6B8D,殍,0x5F004
4230,0x5D4C,U+6B98,殘,0x5F044
4231,0x5D4D,U+6B95,殕,0x5F084
4232,0x5D4E,U+6B9E,殞,0x5F0C4
4233,0x5D4F,U+6BA4,殤,0x5F104
4234,0x5D50,U+6BAA,殪,0x5F144
4235,0x5D51,U+6BAB,殫,0x5F184
4236,0x5D52,U+6BAF,殯,0x5F1C4
4237,0x5D53,U+6BB2,殲,0x5F204
4238,0x5D54,U+6BB1,殱,0x5F244
4239,0x5D55,U+6BB3,殳,0x5F284
4240,0x5D56,U+6BB7,殷,0x5F2C4
4241,0x5D57,U+6BBC,殼,0x5F304
4242,0x5D58,U+6BC6,毆,0x5F344
4243,0x5D59,U+6BCB,毋,0x5F384
4244,0x5D5A,U+6BD3,毓,0x5F3C4
4245,0x5D5B,U+6BDF,毟,0x5F404
4246,0x5D5C,U+6BEC,毬,0x5F444
4247,0x5D5D,U+6BEB,毫,0x5F484
4248,0x5D5E,U+6BF3,毳,0x5F4C4
4249,0x5D5F,U+6BEF,毯,0x5F504
4250,0x5D60,U+9EBE,麾,0x5F544
4251,0x5D61,U+6C08,氈,0x5F584
4252,0x5D62,U+6C13,氓,0x5F5C4
4253,0x5D63,U+6C14,气,0x5F604
4254,0x5D64,U+6C1B,氛,0x5F644
4255,0x5D65,U+6C24,氤,0x5F684
4256,0x5D66,U+6C23,氣,0x5F6C4
4257,0x5D67,U+6C5E,汞,0x5F704
4258,0x5D68,U+6C55,汕,0x5F744
4259,0x5D69,U+6C62,汢,0x5F784
4260,0x5D6A,U+6C6A,汪,0x5F7C4
4261,0x5D6B,U+6C82,沂,0x5F804
4262,0x5D6C,U+6C8D,沍,0x5F844
4263,0x5D6D,U+6C9A,沚,0x5F884
4264,0x5D6E,U+6C81,沁,0x5F8C4
4265,0x5D6F,U+6C9B,沛,0x5F904
4266,0x5D70,U+6C7E,汾,0x5F944
4267,0x5D71,U+6C68,汨,0x5F984
4268,0x5D72,U+6C73,汳,0x5F9C4
4269,0x5D73,U+6C92,沒,0x5FA04
4270,0x5D74,U+6C90,沐,0x5FA44
4271,0x5D75,U+6CC4,泄,0x5FA84
4272,0x5D76,U+6CF1,泱,0x5FAC4
4273,0x5D77,U+6CD3,泓,0x5FB04
4274,0x5D78,U+6CBD,沽,0x5FB44
4275,0x5D79,U+6CD7,泗,0x5FB84
4276,0x5D7A,U+6CC5,泅,0x5FBC4
4277,0x5D7B,U+6CDD,泝,0x5FC04
4278,0x5D7C,U+6CAE,沮,0x5FC44
4279,0x5D7D,U+6CB1,沱,0x5FC84
4280,0x5D7E,U+6CBE,沾,0x5FCC4
4281,0x5E21,U+6CBA,沺,0x5FD04
4282,0x5E22,U+6CDB,泛,0x5FD44
4283,0x5E23,U+6CEF,泯,0x5FD84
4284,0x5E24,U+6CD9,泙,0x5FDC4
4285,0x5E25,U+6CEA,泪,0x5FE04
4286,0x5E26,U+6D1F,洟,0x5FE44
4287,0x5E27,U+884D,衍,0x5FE84
4288,0x5E28,U+6D36,洶,0x5FEC4
4289,0x5E29,U+6D2B,洫,0x5FF04
4290,0x5E2A,U+6D3D,洽,0x5FF44
4291,0x5E2B,U+6D38,洸,0x5FF84
4292,0x5E2C,U+6D19,洙,0x5FFC4
4293,0x5E2D,U+6D35,洵,0x60004
4294,0x5E2E,U+6D33,洳,0x60044
4295,0x5E2F,U+6D12,洒,0x60084
4296,0x5E30,U+6D0C,洌,0x600C4
4297,0x5E31,U+6D63,浣,0x60104
4298,0x5E32,U+6D93,涓,0x60144
4299,0x5E33,U+6D64,浤,0x60184
4300,0x5E34,U+6D5A,浚,0x601C4
4301,0x5E35,U+6D79,浹,0x60204
4302,0x5E36,U+6D59,浙,0x60244
4303,0x5E37,U+6D8E,涎,0x60284
4304,0x5E38,U+6D95,涕,0x602C4
4305,0x5E39,U+6FE4,濤,0x60304
4306,0x5E3A,U+6D85,涅,0x60344
4307,0x5E3B,U+6DF9,淹,0x60384
4308,0x5E3C,U+6E15,渕,0x603C4
4309,0x5E3D,U+6E0A,渊,0x60404
4310,0x5E3E,U+6DB5,涵,0x60444
4311,0x5E3F,U+6DC7,淇,0x60484
4312,0x5E40,U+6DE6,淦,0x604C4
4313,0x5E41,U+6DB8,涸,0x60504
4314,0x5E42,U+6DC6,淆,0x60544
4315,0x5E43,U+6DEC,淬,0x60584
4316,0x5E44,U+6DDE,淞,0x605C4
4317,0x5E45,U+6DCC,淌,0x60604
4318,0x5E46,U+6DE8,淨,0x60644
4319,0x5E47,U+6DD2,淒,0x60684
4320,0x5E48,U+6DC5,淅,0x606C4
4321,0x5E49,U+6DFA,淺,0x60704
4322,0x5E4A,U+6DD9,淙,0x60744
4323,0x5E4B,U+6DE4,淤,0x60784
4324,0x5E4C,U+6DD5,淕,0x607C4
4325,0x5E4D,U+6DEA,淪,0x60804
4326,0x5E4E,U+6DEE,淮,0x60844
4327,0x5E4F,U+6E2D,渭,0x60884
4328,0x5E50,U+6E6E,湮,0x608C4
4329,0x5E51,U+6E2E,渮,0x60904
4330,0x5E52,U+6E19,渙,0x60944
4331,0x5E53,U+6E72,湲,0x60984
4332,0x5E54,U+6E5F,湟,0x609C4
4333,0x5E55,U+6E3E,渾,0x60A04
4334,0x5E56,U+6E23,渣,0x60A44
4335,0x5E57,U+6E6B,湫,0x60A84
4336,0x5E58,U+6E2B,渫,0x60AC4
4337,0x5E59,U+6E76,湶,0x60B04
4338,0x5E5A,U+6E4D,湍,0x60B44
4339,0x5E5B,U+6E1F,渟,0x60B84
4340,0x5E5C,U+6E43,湃,0x60BC4
4341,0x5E5D,U+6E3A,渺,0x60C04
4342,0x5E5E,U+6E4E,湎,0x60C44
4343,0x5E5F,U+6E24,渤,0x60C84
4344,0x5E60,U+6EFF,滿,0x60CC4
4345,0x5E61,U+6E1D,渝,0x60D04
4346,0x5E62,U+6E38,游,0x60D44
4347,0x5E63,U+6E82,溂,0x60D84
4348,0x5E64,U+6EAA,溪,0x60DC4
4349,0x5E65,U+6E98,溘,0x60E04
4350,0x5E66,U+6EC9,滉,0x60E44
4351,0x5E67,U+6EB7,溷,0x60E84
4352,0x5E68,U+6ED3,滓,0x60EC4
4353,0x5E69,U+6EBD,溽,0x60F04
4354,0x5E6A,U+6EAF,溯,0x60F44
4355,0x5E6B,U+6EC4,滄,0x60F84
4356,0x5E6C,U+6EB2,溲,0x60FC4
4357,0x5E6D,U+6ED4,滔,0x61004
4358,0x5E6E,U+6ED5,滕,0x61044
4359,0x5E6F,U+6E8F,溏,0x61084
4360,0x5E70,U+6EA5,溥,0x610C4
4361,0x5E71,U+6EC2,滂,0x61104
4362,0x5E72,U+6E9F,溟,0x61144
4363,0x5E73,U+6F41,潁,0x61184
4364,0x5E74,U+6F11,漑,0x611C4
4365,0x5E75,U+704C,灌,0x61204
4366,0x5E76,U+6EEC,滬,0x61244
4367,0x5E77,U+6EF8,滸,0x61284
4368,0x5E78,U+6EFE,滾,0x612C4
4369,0x5E79,U+6F3F,漿,0x61304
4370,0x5E7A,U+6EF2,滲,0x61344
4371,0x5E7B,U+6F31,漱,0x61384
4372,0x5E7C,U+6EEF,滯,0x613C4
4373,0x5E7D,U+6F32,漲,0x61404
4374,0x5E7E,U+6ECC,滌,0x61444
4375,0x5F21,U+6F3E,漾,0x61484
4376,0x5F22,U+6F13,漓,0x614C4
4377,0x5F23,U+6EF7,滷,0x61504
4378,0x5F24,U+6F86,澆,0x61544
4379,0x5F25,U+6F7A,潺,0x61584
4380,0x5F26,U+6F78,潸,0x615C4
4381,0x5F27,U+6F81,澁,0x61604
4382,0x5F28,U+6F80,澀,0x61644
4383,0x5F29,U+6F6F,潯,0x61684
4384,0x5F2A,U+6F5B,潛,0x616C4
4385,0x5F2B,U+6FF3,濳,0x61704
4386,0x5F2C,U+6F6D,潭,0x61744
4387,0x5F2D,U+6F82,澂,0x61784
4388,0x5F2E,U+6F7C,潼,0x617C4
4389,0x5F2F,U+6F58,潘,0x61804
4390,0x5F30,U+6F8E,澎,0x61844
4391,0x5F31,U+6F91,澑,0x61884
4392,0x5F32,U+6FC2,濂,0x618C4
4393,0x5F33,U+6F66,潦,0x61904
4394,0x5F34,U+6FB3,澳,0x61944
4395,0x5F35,U+6FA3,澣,0x61984
4396,0x5F36,U+6FA1,澡,0x619C4
4397,0x5F37,U+6FA4,澤,0x61A04
4398,0x5F38,U+6FB9,澹,0x61A44
4399,0x5F39,U+6FC6,濆,0x61A84
4400,0x5F3A,U+6FAA,澪,0x61AC4
4401,0x5F3B,U+6FDF,濟,0x61B04
4402,0x5F3C,U+6FD5,濕,0x61B44
4403,0x5F3D,U+6FEC,濬,0x61B84
4404,0x5F3E,U+6FD4,濔,0x61BC4
4405,0x5F3F,U+6FD8,濘,0x61C04
4406,0x5F40,U+6FF1,濱,0x61C44
4407,0x5F41,U+6FEE,濮,0x61C84
4408,0x5F42,U+6FDB,濛,0x61CC4
4409,0x5F43,U+7009,瀉,0x61D04
4410,0x5F44,U+700B,瀋,0x61D44
4411,0x5F45,U+6FFA,濺,0x61D84
4412,0x5F46,U+7011,瀑,0x61DC4
4413,0x5F47,U+7001,瀁,0x61E04
4414,0x5F48,U+700F,瀏,0x61E44
4415,0x5F49,U+6FFE,濾,0x61E84
4416,0x5F4A,U+701B,瀛,0x61EC4
4417,0x5F4B,U+701A,瀚,0x61F04
4418,0x5F4C,U+6F74,潴,0x61F44
4419,0x5F4D,U+701D,瀝,0x61F84
4420,0x5F4E,U+7018,瀘,0x61FC4
4421,0x5F4F,U+701F,瀟,0x62004
4422,0x5F50,U+7030,瀰,0x62044
4423,0x5F51,U+703E,瀾,0x62084
4424,0x5F52,U+7032,瀲,0x620C4
4425,0x5F53,U+7051,灑,0x62104
4426,0x5F54,U+7063,灣,0x62144
4427,0x5F55,U+7099,炙,0x62184
4428,0x5F56,U+7092,炒,0x621C4
4429,0x5F57,U+70AF,炯,0x62204
4430,0x5F58,U+70F1,烱,0x62244
4431,0x5F59,U+70AC,炬,0x62284
4432,0x5F5A,U+70B8,炸,0x622C4
4433,0x5F5B,U+70B3,炳,0x62304
4434,0x5F5C,U+70AE,炮,0x62344
4435,0x5F5D,U+70DF,烟,0x62384
4436,0x5F5E,U+70CB,烋,0x623C4
4437,0x5F5F,U+70DD,烝,0x62404
4438,0x5F60,U+70D9,烙,0x62444
4439,0x5F61,U+7109,焉,0x62484
4440,0x5F62,U+70FD,烽,0x624C4
4441,0x5F63,U+711C,焜,0x62504
4442,0x5F64,U+7119,焙,0x62544
4443,0x5F65,U+7165,煥,0x62584
4444,0x5F66,U+7155,煕,0x625C4
4445,0x5F67,U+7188,熈,0x62604
4446,0x5F68,U+7166,煦,0x62644
4447,0x5F69,U+7162,煢,0x62684
4448,0x5F6A,U+714C,煌,0x626C4
4449,0x5F6B,U+7156,煖,0x62704
4450,0x5F6C,U+716C,煬,0x62744
4451,0x5F6D,U+718F,熏,0x62784
4452,0x5F6E,U+71FB,燻,0x627C4
4453,0x5F6F,U+7184,熄,0x62804
4454,0x5F70,U+7195,熕,0x62844
4455,0x5F71,U+71A8,熨,0x62884
4456,0x5F72,U+71AC,熬,0x628C4
4457,0x5F73,U+71D7,燗,0x62904
4458,0x5F74,U+71B9,熹,0x62944
4459,0x5F75,U+71BE,熾,0x62984
4460,0x5F76,U+71D2,燒,0x629C4
4461,0x5F77,U+71C9,燉,0x62A04
4462,0x5F78,U+71D4,燔,0x62A44
4463,0x5F79,U+71CE,燎,0x62A84
4464,0x5F7A,U+71E0,燠,0x62AC4
4465,0x5F7B,U+71EC,燬,0x62B04
4466,0x5F7C,U+71E7,燧,0x62B44
4467,0x5F7D,U+71F5,燵,0x62B84
4468,0x5F7E,U+71FC,燼,0x62BC4
4469,0x6021,U+71F9,燹,0x62C04
4470,0x6022,U+71FF,燿,0x62C44
4471,0x6023,U+720D,爍,0x62C84
4472,0x6024,U+7210,爐,0x62CC4
4473,0x6025,U+721B,爛,0x62D04
4474,0x6026,U+7228,爨,0x62D44
4475,0x6027,U+722D,爭,0x62D84
4476,0x6028,U+722C,爬,0x62DC4
4477,0x6029,U+7230,爰,0x62E04
4478,0x602A,U+7232,爲,0x62E44
4479,0x602B,U+723B,爻,0x62E84
4480,0x602C,U+723C,爼,0x62EC4
4481,0x602D,U+723F,爿,0x62F04
4482,0x602E,U+7240,牀,0x62F44
4483,0x602F,U+7246,牆,0x62F84
4484,0x6030,U+724B,牋,0x62FC4
4485,0x6031,U+7258,牘,0x63004
4486,0x6032,U+7274,牴,0x63044
4487,0x6033,U+727E,牾,0x63084
4488,0x6034,U+7282,犂,0x630C4
4489,0x6035,U+7281,犁,0x63104
4490,0x6036,U+7287,犇,0x63144
4491,0x6037,U+7292,犒,0x63184
4492,0x6038,U+7296,犖,0x631C4
4493,0x6039,U+72A2,犢,0x63204
4494,0x603A,U+72A7,犧,0x63244
4495,0x603B,U+72B9,犹,0x63284
4496,0x603C,U+72B2,犲,0x632C4
4497,0x603D,U+72C3,狃,0x63304
4498,0x603E,U+72C6,狆,0x63344
4499,0x603F,U+72C4,狄,0x63384
4500,0x6040,U+72CE,狎,0x633C4
4501,0x6041,U+72D2,狒,0x63404
4502,0x6042,U+72E2,狢,0x63444
4503,0x6043,U+72E0,狠,0x63484
4504,0x6044,U+72E1,狡,0x634C4
4505,0x6045,U+72F9,狹,0x63504
4506,0x6046,U+72F7,狷,0x63544
4507,0x6047,U+500F,倏,0x63584
4508,0x6048,U+7317,猗,0x635C4
4509,0x6049,U+730A,猊,0x63604
4510,0x604A,U+731C,猜,0x63644
4511,0x604B,U+7316,猖,0x63684
4512,0x604C,U+731D,猝,0x636C4
4513,0x604D,U+7334,猴,0x63704
4514,0x604E,U+732F,猯,0x63744
4515,0x604F,U+7329,猩,0x63784
4516,0x6050,U+7325,猥,0x637C4
4517,0x6051,U+733E,猾,0x63804
4518,0x6052,U+734E,獎,0x63844
4519,0x6053,U+734F,獏,0x63884
4520,0x6054,U+9ED8,默,0x638C4
4521,0x6055,U+7357,獗,0x63904
4522,0x6056,U+736A,獪,0x63944
4523,0x6057,U+7368,獨,0x63984
4524,0x6058,U+7370,獰,0x639C4
4525,0x6059,U+7378,獸,0x63A04
4526,0x605A,U+7375,獵,0x63A44
4527,0x605B,U+737B,獻,0x63A84
4528,0x605C,U+737A,獺,0x63AC4
4529,0x605D,U+73C8,珈,0x63B04
4530,0x605E,U+73B3,玳,0x63B44
4531,0x605F,U+73CE,珎,0x63B84
4532,0x6060,U+73BB,玻,0x63BC4
4533,0x6061,U+73C0,珀,0x63C04
4534,0x6062,U+73E5,珥,0x63C44
4535,0x6063,U+73EE,珮,0x63C84
4536,0x6064,U+73DE,珞,0x63CC4
4537,0x6065,U+74A2,璢,0x63D04
4538,0x6066,U+7405,琅,0x63D44
4539,0x6067,U+746F,瑯,0x63D84
4540,0x6068,U+7425,琥,0x63DC4
4541,0x6069,U+73F8,珸,0x63E04
4542,0x606A,U+7432,琲,0x63E44
4543,0x606B,U+743A,琺,0x63E84
4544,0x606C,U+7455,瑕,0x63EC4
4545,0x606D,U+743F,琿,0x63F04
4546,0x606E,U+745F,瑟,0x63F44
4547,0x606F,U+7459,瑙,0x63F84
4548,0x6070,U+7441,瑁,0x63FC4
4549,0x6071,U+745C,瑜,0x64004
4550,0x6072,U+7469,瑩,0x64044
4551,0x6073,U+7470,瑰,0x64084
4552,0x6074,U+7463,瑣,0x640C4
4553,0x6075,U+746A,瑪,0x64104
4554,0x6076,U+7476,瑶,0x64144
4555,0x6077,U+747E,瑾,0x64184
4556,0x6078,U+748B,璋,0x641C4
4557,0x6079,U+749E,璞,0x64204
4558,0x607A,U+74A7,璧,0x64244
4559,0x607B,U+74CA,瓊,0x64284
4560,0x607C,U+74CF,瓏,0x642C4
4561,0x607D,U+74D4,瓔,0x64304
4562,0x607E,U+73F1,珱,0x64344
4563,0x6121,U+74E0,瓠,0x64384
4564,0x6122,U+74E3,瓣,0x643C4
4565,0x6123,U+74E7,瓧,0x64404
4566,0x6124,U+74E9,瓩,0x64444
4567,0x6125,U+74EE,瓮,0x64484
4568,0x6126,U+74F2,瓲,0x644C4
4569,0x6127,U+74F0,瓰,0x64504
4570,0x6128,U+74F1,瓱,0x64544
4571,0x6129,U+74F8,瓸,0x64584
4572,0x612A,U+74F7,瓷,0x645C4
4573,0x612B,U+7504,甄,0x64604
4574,0x612C,U+7503,甃,0x64644
4575,0x612D,U+7505,甅,0x64684
4576,0x612E,U+750C,甌,0x646C4
4577,0x612F,U+750E,甎,0x64704
4578,0x6130,U+750D,甍,0x64744
4579,0x6131,U+7515,甕,0x64784
4580,0x6132,U+7513,甓,0x647C4
4581,0x6133,U+751E,甞,0x64804
4582,0x6134,U+7526,甦,0x64844
4583,0x6135,U+752C,甬,0x64884
4584,0x6136,U+753C,甼,0x648C4
4585,0x6137,U+7544,畄,0x64904
4586,0x6138,U+754D,畍,0x64944
4587,0x6139,U+754A,畊,0x64984
4588,0x613A,U+7549,畉,0x649C4
4589,0x613B,U+755B,畛,0x64A04
4590,0x613C,U+7546,畆,0x64A44
4591,0x613D,U+755A,畚,0x64A84
4592,0x613E,U+7569,畩,0x64AC4
4593,0x613F,U+7564,畤,0x64B04
4594,0x6140,U+7567,畧,0x64B44
4595,0x6141,U+756B,畫,0x64B84
4596,0x6142,U+756D,畭,0x64BC4
4597,0x6143,U+7578,畸,0x64C04
4598,0x6144,U+7576,當,0x64C44
4599,0x6145,U+7586,疆,0x64C84
4600,0x6146,U+7587,疇,0x64CC4
4601,0x6147,U+7574,畴,0x64D04
4602,0x6148,U+758A,疊,0x64D44
4603,0x6149,U+7589,疉,0x64D84
4604,0x614A,U+7582,疂,0x64DC4
4605,0x614B,U+7594,疔,0x64E04
4606,0x614C,U+759A,疚,0x64E44
4607,0x614D,U+759D,疝,0x64E84
4608,0x614E,U+75A5,疥,0x64EC4
4609,0x614F,U+75A3,疣,0x64F04
4610,0x6150,U+75C2,痂,0x64F44
4611,0x6151,U+75B3,疳,0x64F84
4612,0x6152,U+75C3,痃,0x64FC4
4613,0x6153,U+75B5,疵,0x65004
4614,0x6154,U+75BD,疽,0x65044
4615,0x6155,U+75B8,疸,0x65084
4616,0x6156,U+75BC,疼,0x650C4
4617,0x6157,U+75B1,疱,0x65104
4618,0x6158,U+75CD,痍,0x65144
4619,0x6159,U+75CA,痊,0x65184
4620,0x615A,U+75D2,痒,0x651C4
4621,0x615B,U+75D9,痙,0x65204
4622,0x615C,U+75E3,痣,0x65244
4623,0x615D,U+75DE,痞,0x65284
4624,0x615E,U+75FE,痾,0x652C4
4625,0x615F,U+75FF,痿,0x65304
4626,0x6160,U+75FC,痼,0x65344
4627,0x6161,U+7601,瘁,0x65384
4628,0x6162,U+75F0,痰,0x653C4
4629,0x6163,U+75FA,痺,0x65404
4630,0x6164,U+75F2,痲,0x65444
4631,0x6165,U+75F3,痳,0x65484
4632,0x6166,U+760B,瘋,0x654C4
4633,0x6167,U+760D,瘍,0x65504
4634,0x6168,U+7609,瘉,0x65544
4635,0x6169,U+761F,瘟,0x65584
4636,0x616A,U+7627,瘧,0x655C4
4637,0x616B,U+7620,瘠,0x65604
4638,0x616C,U+7621,瘡,0x65644
4639,0x616D,U+7622,瘢,0x65684
4640,0x616E,U+7624,瘤,0x656C4
4641,0x616F,U+7634,瘴,0x65704
4642,0x6170,U+7630,瘰,0x65744
4643,0x6171,U+763B,瘻,0x65784
4644,0x6172,U+7647,癇,0x657C4
4645,0x6173,U+7648,癈,0x65804
4646,0x6174,U+7646,癆,0x65844
4647,0x6175,U+765C,癜,0x65884
4648,0x6176,U+7658,癘,0x658C4
4649,0x6177,U+7661,癡,0x65904
4650,0x6178,U+7662,癢,0x65944
4651,0x6179,U+7668,癨,0x65984
4652,0x617A,U+7669,癩,0x659C4
4653,0x617B,U+766A,癪,0x65A04
4654,0x617C,U+7667,癧,0x65A44
4655,0x617D,U+766C,癬,0x65A84
4656,0x617E,U+7670,癰,0x65AC4
4657,0x6221,U+7672,癲,0x65B04
4658,0x6222,U+7676,癶,0x65B44
4659,0x6223,U+7678,癸,0x65B84
4660,0x6224,U+767C,發,0x65BC4
4661,0x6225,U+7680,皀,0x65C04
4662,0x6226,U+7683,皃,0x65C44
4663,0x6227,U+7688,皈,0x65C84
4664,0x6228,U+768B,皋,0x65CC4
4665,0x6229,U+768E,皎,0x65D04
4666,0x622A,U+7696,皖,0x65D44
4667,0x622B,U+7693,皓,0x65D84
4668,0x622C,U+7699,皙,0x65DC4
4669,0x622D,U+769A,皚,0x65E04
4670,0x622E,U+76B0,皰,0x65E44
4671,0x622F,U+76B4,皴,0x65E84
4672,0x6230,U+76B8,皸,0x65EC4
4673,0x6231,U+76B9,皹,0x65F04
4674,0x6232,U+76BA,皺,0x65F44
4675,0x6233,U+76C2,盂,0x65F84
4676,0x6234,U+76CD,盍,0x65FC4
4677,0x6235,U+76D6,盖,0x66004
4678,0x6236,U+76D2,盒,0x66044
4679,0x6237,U+76DE,盞,0x66084
4680,0x6238,U+76E1,盡,0x660C4
4681,0x6239,U+76E5,盥,0x66104
4682,0x623A,U+76E7,盧,0x66144
4683,0x623B,U+76EA,盪,0x66184
4684,0x623C,U+862F,蘯,0x661C4
4685,0x623D,U+76FB,盻,0x66204
4686,0x623E,U+7708,眈,0x66244
4687,0x623F,U+7707,眇,0x66284
4688,0x6240,U+7704,眄,0x662C4
4689,0x6241,U+7729,眩,0x66304
4690,0x6242,U+7724,眤,0x66344
4691,0x6243,U+771E,眞,0x66384
4692,0x6244,U+7725,眥,0x663C4
4693,0x6245,U+7726,眦,0x66404
4694,0x6246,U+771B,眛,0x66444
4695,0x6247,U+7737,眷,0x66484
4696,0x6248,U+7738,眸,0x664C4
4697,0x6249,U+7747,睇,0x66504
4698,0x624A,U+775A,睚,0x66544
4699,0x624B,U+7768,睨,0x66584
4700,0x624C,U+776B,睫,0x665C4
4701,0x624D,U+775B,睛,0x66604
4702,0x624E,U+7765,睥,0x66644
4703,0x624F,U+777F,睿,0x66684
4704,0x6250,U+777E,睾,0x666C4
4705,0x6251,U+7779,睹,0x66704
4706,0x6252,U+778E,瞎,0x66744
4707,0x6253,U+778B,瞋,0x66784
4708,0x6254,U+7791,瞑,0x667C4
4709,0x6255,U+77A0,瞠,0x66804
4710,0x6256,U+779E,瞞,0x66844
4711,0x6257,U+77B0,瞰,0x66884
4712,0x6258,U+77B6,瞶,0x668C4
4713,0x6259,U+77B9,瞹,0x66904
4714,0x625A,U+77BF,瞿,0x66944
4715,0x625B,U+77BC,瞼,0x66984
4716,0x625C,U+77BD,瞽,0x669C4
4717,0x625D,U+77BB,瞻,0x66A04
4718,0x625E,U+77C7,矇,0x66A44
4719,0x625F,U+77CD,矍,0x66A84
4720,0x6260,U+77D7,矗,0x66AC4
4721,0x6261,U+77DA,矚,0x66B04
4722,0x6262,U+77DC,矜,0x66B44
4723,0x6263,U+77E3,矣,0x66B84
4724,0x6264,U+77EE,矮,0x66BC4
4725,0x6265,U+77FC,矼,0x66C04
4726,0x6266,U+780C,砌,0x66C44
4727,0x6267,U+7812,砒,0x66C84
4728,0x6268,U+7926,礦,0x66CC4
4729,0x6269,U+7820,砠,0x66D04
4730,0x626A,U+792A,礪,0x66D44
4731,0x626B,U+7845,硅,0x66D84
4732,0x626C,U+788E,碎,0x66DC4
4733,0x626D,U+7874,硴,0x66E04
4734,0x626E,U+7886,碆,0x66E44
4735,0x626F,U+787C,硼,0x66E84
4736,0x6270,U+789A,碚,0x66EC4
4737,0x6271,U+788C,碌,0x66F04
4738,0x6272,U+78A3,碣,0x66F44
4739,0x6273,U+78B5,碵,0x66F84
4740,0x6274,U+78AA,碪,0x66FC4
4741,0x6275,U+78AF,碯,0x67004
4742,0x6276,U+78D1,磑,0x67044
4743,0x6277,U+78C6,磆,0x67084
4744,0x6278,U+78CB,磋,0x670C4
4745,0x6279,U+78D4,磔,0x67104
4746,0x627A,U+78BE,碾,0x67144
4747,0x627B,U+78BC,碼,0x67184
4748,0x627C,U+78C5,磅,0x671C4
4749,0x627D,U+78CA,磊,0x67204
4750,0x627E,U+78EC,磬,0x67244
4751,0x6321,U+78E7,磧,0x67284
4752,0x6322,U+78DA,磚,0x672C4
4753,0x6323,U+78FD,磽,0x67304
4754,0x6324,U+78F4,磴,0x67344
4755,0x6325,U+7907,礇,0x67384
4756,0x6326,U+7912,礒,0x673C4
4757,0x6327,U+7911,礑,0x67404
4758,0x6328,U+7919,礙,0x67444
4759,0x6329,U+792C,礬,0x67484
4760,0x632A,U+792B,礫,0x674C4
4761,0x632B,U+7940,祀,0x67504
4762,0x632C,U+7960,祠,0x67544
4763,0x632D,U+7957,祗,0x67584
4764,0x632E,U+795F,祟,0x675C4
4765,0x632F,U+795A,祚,0x67604
4766,0x6330,U+7955,祕,0x67644
4767,0x6331,U+7953,祓,0x67684
4768,0x6332,U+797A,祺,0x676C4
4769,0x6333,U+797F,祿,0x67704
4770,0x6334,U+798A,禊,0x67744
4771,0x6335,U+799D,禝,0x67784
4772,0x6336,U+79A7,禧,0x677C4
4773,0x6337,U+9F4B,齋,0x67804
4774,0x6338,U+79AA,禪,0x67844
4775,0x6339,U+79AE,禮,0x67884
4776,0x633A,U+79B3,禳,0x678C4
4777,0x633B,U+79B9,禹,0x67904
4778,0x633C,U+79BA,禺,0x67944
4779,0x633D,U+79C9,秉,0x67984
4780,0x633E,U+79D5,秕,0x679C4
4781,0x633F,U+79E7,秧,0x67A04
4782,0x6340,U+79EC,秬,0x67A44
4783,0x6341,U+79E1,秡,0x67A84
4784,0x6342,U+79E3,秣,0x67AC4
4785,0x6343,U+7A08,稈,0x67B04
4786,0x6344,U+7A0D,稍,0x67B44
4787,0x6345,U+7A18,稘,0x67B84
4788,0x6346,U+7A19,稙,0x67BC4
4789,0x6347,U+7A20,稠,0x67C04
4790,0x6348,U+7A1F,稟,0x67C44
4791,0x6349,U+7980,禀,0x67C84
4792,0x634A,U+7A31,稱,0x67CC4
4793,0x634B,U+7A3B,稻,0x67D04
4794,0x634C,U+7A3E,稾,0x67D44
4795,0x634D,U+7A37,稷,0x67D84
4796,0x634E,U+7A43,穃,0x67DC4
4797,0x634F,U+7A57,穗,0x67E04
4798,0x6350,U+7A49,穉,0x67E44
4799,0x6351,U+7A61,穡,0x67E84
4800,0x6352,U+7A62,穢,0x67EC4
4801,0x6353,U+7A69,穩,0x67F04
4802,0x6354,U+9F9D,龝,0x67F44
4803,0x6355,U+7A70,穰,0x67F84
4804,0x6356,U+7A79,穹,0x67FC4
4805,0x6357,U+7A7D,穽,0x68004
4806,0x6358,U+7A88,窈,0x68044
4807,0x6359,U+7A97,窗,0x68084
4808,0x635A,U+7A95,窕,0x680C4
4809,0x635B,U+7A98,窘,0x68104
4810,0x635C,U+7A96,窖,0x68144
4811,0x635D,U+7AA9,窩,0x68184
4812,0x635E,U+7AC8,竈,0x681C4
4813,0x635F,U+7AB0,窰,0x68204
4814,0x6360,U+7AB6,窶,0x68244
4815,0x6361,U+7AC5,竅,0x68284
4816,0x6362,U+7AC4,竄,0x682C4
4817,0x6363,U+7ABF,窿,0x68304
4818,0x6364,U+9083,邃,0x68344
4819,0x6365,U+7AC7,竇,0x68384
4820,0x6366,U+7ACA,竊,0x683C4
4821,0x6367,U+7ACD,竍,0x68404
4822,0x6368,U+7ACF,竏,0x68444
4823,0x6369,U+7AD5,竕,0x68484
4824,0x636A,U+7AD3,竓,0x684C4
4825,0x636B,U+7AD9,站,0x68504
4826,0x636C,U+7ADA,竚,0x68544
4827,0x636D,U+7ADD,竝,0x68584
4828,0x636E,U+7AE1,竡,0x685C4
4829,0x636F,U+7AE2,竢,0x68604
4830,0x6370,U+7AE6,竦,0x68644
4831,0x6371,U+7AED,竭,0x68684
4832,0x6372,U+7AF0,竰,0x686C4
4833,0x6373,U+7B02,笂,0x68704
4834,0x6374,U+7B0F,笏,0x68744
4835,0x6375,U+7B0A,笊,0x68784
4836,0x6376,U+7B06,笆,0x687C4
4837,0x6377,U+7B33,笳,0x68804
4838,0x6378,U+7B18,笘,0x68844
4839,0x6379,U+7B19,笙,0x68884
4840,0x637A,U+7B1E,笞,0x688C4
4841,0x637B,U+7B35,笵,0x68904
4842,0x637C,U+7B28,笨,0x68944
4843,0x637D,U+7B36,笶,0x68984
4844,0x637E,U+7B50,筐,0x689C4
4845,0x6421,U+7B7A,筺,0x68A04
4846,0x6422,U+7B04,笄,0x68A44
4847,0x6423,U+7B4D,筍,0x68A84
4848,0x6424,U+7B0B,笋,0x68AC4
4849,0x6425,U+7B4C,筌,0x68B04
4850,0x6426,U+7B45,筅,0x68B44
4851,0x6427,U+7B75,筵,0x68B84
4852,0x6428,U+7B65,筥,0x68BC4
4853,0x6429,U+7B74,筴,0x68C04
4854,0x642A,U+7B67,筧,0x68C44
4855,0x642B,U+7B70,筰,0x68C84
4856,0x642C,U+7B71,筱,0x68CC4
4857,0x642D,U+7B6C,筬,0x68D04
4858,0x642E,U+7B6E,筮,0x68D44
4859,0x642F,U+7B9D,箝,0x68D84
4860,0x6430,U+7B98,箘,0x68DC4
4861,0x6431,U+7B9F,箟,0x68E04
4862,0x6432,U+7B8D,箍,0x68E44
4863,0x6433,U+7B9C,箜,0x68E84
4864,0x6434,U+7B9A,箚,0x68EC4
4865,0x6435,U+7B8B,箋,0x68F04
4866,0x6436,U+7B92,箒,0x68F44
4867,0x6437,U+7B8F,箏,0x68F84
4868,0x6438,U+7B5D,筝,0x68FC4
4869,0x6439,U+7B99,箙,0x69004
4870,0x643A,U+7BCB,篋,0x69044
4871,0x643B,U+7BC1,篁,0x69084
4872,0x643C,U+7BCC,篌,0x690C4
4873,0x643D,U+7BCF,篏,0x69104
4874,0x643E,U+7BB4,箴,0x69144
4875,0x643F,U+7BC6,篆,0x69184
4876,0x6440,U+7BDD,篝,0x691C4
4877,0x6441,U+7BE9,篩,0x69204
4878,0x6442,U+7C11,簑,0x69244
4879,0x6443,U+7C14,簔,0x69284
4880,0x6444,U+7BE6,篦,0x692C4
4881,0x6445,U+7BE5,篥,0x69304
4882,0x6446,U+7C60,籠,0x69344
4883,0x6447,U+7C00,簀,0x69384
4884,0x6448,U+7C07,簇,0x693C4
4885,0x6449,U+7C13,簓,0x69404
4886,0x644A,U+7BF3,篳,0x69444
4887,0x644B,U+7BF7,篷,0x69484
4888,0x644C,U+7C17,簗,0x694C4
4889,0x644D,U+7C0D,簍,0x69504
4890,0x644E,U+7BF6,篶,0x69544
4891,0x644F,U+7C23,簣,0x69584
4892,0x6450,U+7C27,簧,0x695C4
4893,0x6451,U+7C2A,簪,0x69604
4894,0x6452,U+7C1F,簟,0x69644
4895,0x6453,U+7C37,簷,0x69684
4896,0x6454,U+7C2B,簫,0x696C4
4897,0x6455,U+7C3D,簽,0x69704
4898,0x6456,U+7C4C,籌,0x69744
4899,0x6457,U+7C43,籃,0x69784
4900,0x6458,U+7C54,籔,0x697C4
4901,0x6459,U+7C4F,籏,0x69804
4902,0x645A,U+7C40,籀,0x69844
4903,0x645B,U+7C50,籐,0x69884
4904,0x645C,U+7C58,籘,0x698C4
4905,0x645D,U+7C5F,籟,0x69904
4906,0x645E,U+7C64,籤,0x69944
4907,0x645F,U+7C56,籖,0x69984
4908,0x6460,U+7C65,籥,0x699C4
4909,0x6461,U+7C6C,籬,0x69A04
4910,0x6462,U+7C75,籵,0x69A44
4911,0x6463,U+7C83,粃,0x69A84
4912,0x6464,U+7C90,粐,0x69AC4
4913,0x6465,U+7CA4,粤,0x69B04
4914,0x6466,U+7CAD,粭,0x69B44
4915,0x6467,U+7CA2,粢,0x69B84
4916,0x6468,U+7CAB,粫,0x69BC4
4917,0x6469,U+7CA1,粡,0x69C04
4918,0x646A,U+7CA8,粨,0x69C44
4919,0x646B,U+7CB3,粳,0x69C84
4920,0x646C,U+7CB2,粲,0x69CC4
4921,0x646D,U+7CB1,粱,0x69D04
4922,0x646E,U+7CAE,粮,0x69D44
4923,0x646F,U+7CB9,粹,0x69D84
4924,0x6470,U+7CBD,粽,0x69DC4
4925,0x6471,U+7CC0,糀,0x69E04
4926,0x6472,U+7CC5,糅,0x69E44
4927,0x6473,U+7CC2,糂,0x69E84
4928,0x6474,U+7CD8,糘,0x69EC4
4929,0x6475,U+7CD2,糒,0x69F04
4930,0x6476,U+7CDC,糜,0x69F44
4931,0x6477,U+7CE2,糢,0x69F84
4932,0x6478,U+9B3B,鬻,0x69FC4
4933,0x6479,U+7CEF,糯,0x6A004
4934,0x647A,U+7CF2,糲,0x6A044
4935,0x647B,U+7CF4,糴,0x6A084
4936,0x647C,U+7CF6,糶,0x6A0C4
4937,0x647D,U+7CFA,糺,0x6A104
4938,0x647E,U+7D06,紆,0x6A144
4939,0x6521,U+7D02,紂,0x6A184
4940,0x6522,U+7D1C,紜,0x6A1C4
4941,0x6523,U+7D15,紕,0x6A204
4942,0x6524,U+7D0A,紊,0x6A244
4943,0x6525,U+7D45,絅,0x6A284
4944,0x6526,U+7D4B,絋,0x6A2C4
4945,0x6527,U+7D2E,紮,0x6A304
4946,0x6528,U+7D32,紲,0x6A344
4947,0x6529,U+7D3F,紿,0x6A384
4948,0x652A,U+7D35,紵,0x6A3C4
4949,0x652B,U+7D46,絆,0x6A404
4950,0x652C,U+7D73,絳,0x6A444
4951,0x652D,U+7D56,絖,0x6A484
4952,0x652E,U+7D4E,絎,0x6A4C4
4953,0x652F,U+7D72,絲,0x6A504
4954,0x6530,U+7D68,絨,0x6A544
4955,0x6531,U+7D6E,絮,0x6A584
4956,0x6532,U+7D4F,絏,0x6A5C4
4957,0x6533,U+7D63,絣,0x6A604
4958,0x6534,U+7D93,經,0x6A644
4959,0x6535,U+7D89,綉,0x6A684
4960,0x6536,U+7D5B,絛,0x6A6C4
4961,0x6537,U+7D8F,綏,0x6A704
4962,0x6538,U+7D7D,絽,0x6A744
4963,0x6539,U+7D9B,綛,0x6A784
4964,0x653A,U+7DBA,綺,0x6A7C4
4965,0x653B,U+7DAE,綮,0x6A804
4966,0x653C,U+7DA3,綣,0x6A844
4967,0x653D,U+7DB5,綵,0x6A884
4968,0x653E,U+7DC7,緇,0x6A8C4
4969,0x653F,U+7DBD,綽,0x6A904
4970,0x6540,U+7DAB,綫,0x6A944
4971,0x6541,U+7E3D,總,0x6A984
4972,0x6542,U+7DA2,綢,0x6A9C4
4973,0x6543,U+7DAF,綯,0x6AA04
4974,0x6544,U+7DDC,緜,0x6AA44
4975,0x6545,U+7DB8,綸,0x6AA84
4976,0x6546,U+7D9F,綟,0x6AAC4
4977,0x6547,U+7DB0,綰,0x6AB04
4978,0x6548,U+7DD8,緘,0x6AB44
4979,0x6549,U+7DDD,緝,0x6AB84
4980,0x654A,U+7DE4,緤,0x6ABC4
4981,0x654B,U+7DDE,緞,0x6AC04
4982,0x654C,U+7DFB,緻,0x6AC44
4983,0x654D,U+7DF2,緲,0x6AC84
4984,0x654E,U+7DE1,緡,0x6ACC4
4985,0x654F,U+7E05,縅,0x6AD04
4986,0x6550,U+7E0A,縊,0x6AD44
4987,0x6551,U+7E23,縣,0x6AD84
4988,0x6552,U+7E21,縡,0x6ADC4
4989,0x6553,U+7E12,縒,0x6AE04
4990,0x6554,U+7E31,縱,0x6AE44
4991,0x6555,U+7E1F,縟,0x6AE84
4992,0x6556,U+7E09,縉,0x6AEC4
4993,0x6557,U+7E0B,縋,0x6AF04
4994,0x6558,U+7E22,縢,0x6AF44
4995,0x6559,U+7E46,繆,0x6AF84
4996,0x655A,U+7E66,繦,0x6AFC4
4997,0x655B,U+7E3B,縻,0x6B004
4998,0x655C,U+7E35,縵,0x6B044
4999,0x655D,U+7E39,縹,0x6B084
5000,0x655E,U+7E43,繃,0x6B0C4
5001,0x655F,U+7E37,縷,0x6B104
5002,0x6560,U+7E32,縲,0x6B144
5003,0x6561,U+7E3A,縺,0x6B184
5004,0x6562,U+7E67,繧,0x6B1C4
5005,0x6563,U+7E5D,繝,0x6B204
5006,0x6564,U+7E56,繖,0x6B244
5007,0x6565,U+7E5E,繞,0x6B284
5008,0x6566,U+7E59,繙,0x6B2C4
5009,0x6567,U+7E5A,繚,0x6B304
5010,0x6568,U+7E79,繹,0x6B344
5011,0x6569,U+7E6A,繪,0x6B384
5012,0x656A,U+7E69,繩,0x6B3C4
5013,0x656B,U+7E7C,繼,0x6B404
5014,0x656C,U+7E7B,繻,0x6B444
5015,0x656D,U+7E83,纃,0x6B484
5016,0x656E,U+7DD5,緕,0x6B4C4
5017,0x656F,U+7E7D,繽,0x6B504
5018,0x6570,U+8FAE,辮,0x6B544
5019,0x6571,U+7E7F,繿,0x6B584
5020,0x6572,U+7E88,纈,0x6B5C4
5021,0x6573,U+7E89,纉,0x6B604
5022,0x6574,U+7E8C,續,0x6B644
5023,0x6575,U+7E92,纒,0x6B684
5024,0x6576,U+7E90,纐,0x6B6C4
5025,0x6577,U+7E93,纓,0x6B704
5026,0x6578,U+7E94,纔,0x6B744
5027,0x6579,U+7E96,纖,0x6B784
5028,0x657A,U+7E8E,纎,0x6B7C4
5029,0x657B,U+7E9B,纛,0x6B804
5030,0x657C,U+7E9C,纜,0x6B844
5031,0x657D,U+7F38,缸,0x6B884
5032,0x657E,U+7F3A,缺,0x6B8C4
5033,0x6621,U+7F45,罅,0x6B904
5034,0x6622,U+7F4C,罌,0x6B944
5035,0x6623,U+7F4D,罍,0x6B984
5036,0x6624,U+7F4E,罎,0x6B9C4
5037,0x6625,U+7F50,罐,0x6BA04
5038,0x6626,U+7F51,网,0x6BA44
5039,0x6627,U+7F55,罕,0x6BA84
5040,0x6628,U+7F54,罔,0x6BAC4
5041,0x6629,U+7F58,罘,0x6BB04
5042,0x662A,U+7F5F,罟,0x6BB44
5043,0x662B,U+7F60,罠,0x6BB84
5044,0x662C,U+7F68,罨,0x6BBC4
5045,0x662D,U+7F69,罩,0x6BC04
5046,0x662E,U+7F67,罧,0x6BC44
5047,0x662F,U+7F78,罸,0x6BC84
5048,0x6630,U+7F82,羂,0x6BCC4
5049,0x6631,U+7F86,羆,0x6BD04
5050,0x6632,U+7F83,羃,0x6BD44
5051,0x6633,U+7F88,羈,0x6BD84
5052,0x6634,U+7F87,羇,0x6BDC4
5053,0x6635,U+7F8C,羌,0x6BE04
5054,0x6636,U+7F94,羔,0x6BE44
5055,0x6637,U+7F9E,羞,0x6BE84
5056,0x6638,U+7F9D,羝,0x6BEC4
5057,0x6639,U+7F9A,羚,0x6BF04
5058,0x663A,U+7FA3,羣,0x6BF44
5059,0x663B,U+7FAF,羯,0x6BF84
5060,0x663C,U+7FB2,羲,0x6BFC4
5061,0x663D,U+7FB9,羹,0x6C004
5062,0x663E,U+7FAE,羮,0x6C044
5063,0x663F,U+7FB6,羶,0x6C084
5064,0x6640,U+7FB8,羸,0x6C0C4
5065,0x6641,U+8B71,譱,0x6C104
5066,0x6642,U+7FC5,翅,0x6C144
5067,0x6643,U+7FC6,翆,0x6C184
5068,0x6644,U+7FCA,翊,0x6C1C4
5069,0x6645,U+7FD5,翕,0x6C204
5070,0x6646,U+7FD4,翔,0x6C244
5071,0x6647,U+7FE1,翡,0x6C284
5072,0x6648,U+7FE6,翦,0x6C2C4
5073,0x6649,U+7FE9,翩,0x6C304
5074,0x664A,U+7FF3,翳,0x6C344
5075,0x664B,U+7FF9,翹,0x6C384
5076,0x664C,U+98DC,飜,0x6C3C4
5077,0x664D,U+8006,耆,0x6C404
5078,0x664E,U+8004,耄,0x6C444
5079,0x664F,U+800B,耋,0x6C484
5080,0x6650,U+8012,耒,0x6C4C4
5081,0x6651,U+8018,耘,0x6C504
5082,0x6652,U+8019,耙,0x6C544
5083,0x6653,U+801C,耜,0x6C584
5084,0x6654,U+8021,耡,0x6C5C4
5085,0x6655,U+8028,耨,0x6C604
5086,0x6656,U+803F,耿,0x6C644
5087,0x6657,U+803B,耻,0x6C684
5088,0x6658,U+804A,聊,0x6C6C4
5089,0x6659,U+8046,聆,0x6C704
5090,0x665A,U+8052,聒,0x6C744
5091,0x665B,U+8058,聘,0x6C784
5092,0x665C,U+805A,聚,0x6C7C4
5093,0x665D,U+805F,聟,0x6C804
5094,0x665E,U+8062,聢,0x6C844
5095,0x665F,U+8068,聨,0x6C884
5096,0x6660,U+8073,聳,0x6C8C4
5097,0x6661,U+8072,聲,0x6C904
5098,0x6662,U+8070,聰,0x6C944
5099,0x6663,U+8076,聶,0x6C984
5100,0x6664,U+8079,聹,0x6C9C4
5101,0x6665,U+807D,聽,0x6CA04
5102,0x6666,U+807F,聿,0x6CA44
5103,0x6667,U+8084,肄,0x6CA84
5104,0x6668,U+8086,肆,0x6CAC4
5105,0x6669,U+8085,肅,0x6CB04
5106,0x666A,U+809B,肛,0x6CB44
5107,0x666B,U+8093,肓,0x6CB84
5108,0x666C,U+809A,肚,0x6CBC4
5109,0x666D,U+80AD,肭,0x6CC04
5110,0x666E,U+5190,冐,0x6CC44
5111,0x666F,U+80AC,肬,0x6CC84
5112,0x6670,U+80DB,胛,0x6CCC4
5113,0x6671,U+80E5,胥,0x6CD04
5114,0x6672,U+80D9,胙,0x6CD44
5115,0x6673,U+80DD,胝,0x6CD84
5116,0x6674,U+80C4,胄,0x6CDC4
5117,0x6675,U+80DA,胚,0x6CE04
5118,0x6676,U+80D6,胖,0x6CE44
5119,0x6677,U+8109,脉,0x6CE84
5120,0x6678,U+80EF,胯,0x6CEC4
5121,0x6679,U+80F1,胱,0x6CF04
5122,0x667A,U+811B,脛,0x6CF44
5123,0x667B,U+8129,脩,0x6CF84
5124,0x667C,U+8123,脣,0x6CFC4
5125,0x667D,U+812F,脯,0x6D004
5126,0x667E,U+814B,腋,0x6D044
5127,0x6721,U+968B,隋,0x6D084
5128,0x6722,U+8146,腆,0x6D0C4
5129,0x6723,U+813E,脾,0x6D104
5130,0x6724,U+8153,腓,0x6D144
5131,0x6725,U+8151,腑,0x6D184
5132,0x6726,U+80FC,胼,0x6D1C4
5133,0x6727,U+8171,腱,0x6D204
5134,0x6728,U+816E,腮,0x6D244
5135,0x6729,U+8165,腥,0x6D284
5136,0x672A,U+8166,腦,0x6D2C4
5137,0x672B,U+8174,腴,0x6D304
5138,0x672C,U+8183,膃,0x6D344
5139,0x672D,U+8188,膈,0x6D384
5140,0x672E,U+818A,膊,0x6D3C4
5141,0x672F,U+8180,膀,0x6D404
5142,0x6730,U+8182,膂,0x6D444
5143,0x6731,U+81A0,膠,0x6D484
5144,0x6732,U+8195,膕,0x6D4C4
5145,0x6733,U+81A4,膤,0x6D504
5146,0x6734,U+81A3,膣,0x6D544
5147,0x6735,U+815F,腟,0x6D584
5148,0x6736,U+8193,膓,0x6D5C4
5149,0x6737,U+81A9,膩,0x6D604
5150,0x6738,U+81B0,膰,0x6D644
5151,0x6739,U+81B5,膵,0x6D684
5152,0x673A,U+81BE,膾,0x6D6C4
5153,0x673B,U+81B8,膸,0x6D704
5154,0x673C,U+81BD,膽,0x6D744
5155,0x673D,U+81C0,臀,0x6D784
5156,0x673E,U+81C2,臂,0x6D7C4
5157,0x673F,U+81BA,膺,0x6D804
5158,0x6740,U+81C9,臉,0x6D844
5159,0x6741,U+81CD,臍,0x6D884
5160,0x6742,U+81D1,臑,0x6D8C4
5161,0x6743,U+81D9,臙,0x6D904
5162,0x6744,U+81D8,臘,0x6D944
5163,0x6745,U+81C8,臈,0x6D984
5164,0x6746,U+81DA,臚,0x6D9C4
5165,0x6747,U+81DF,臟,0x6DA04
5166,0x6748,U+81E0,臠,0x6DA44
5167,0x6749,U+81E7,臧,0x6DA84
5168,0x674A,U+81FA,臺,0x6DAC4
5169,0x674B,U+81FB,臻,0x6DB04
5170,0x674C,U+81FE,臾,0x6DB44
5171,0x674D,U+8201,舁,0x6DB84
5172,0x674E,U+8202,舂,0x6DBC4
5173,0x674F,U+8205,舅,0x6DC04
5174,0x6750,U+8207,與,0x6DC44
5175,0x6751,U+820A,舊,0x6DC84
5176,0x6752,U+820D,舍,0x6DCC4
5177,0x6753,U+8210,舐,0x6DD04
5178,0x6754,U+8216,舖,0x6DD44
5179,0x6755,U+8229,舩,0x6DD84
5180,0x6756,U+822B,舫,0x6DDC4
5181,0x6757,U+8238,舸,0x6DE04
5182,0x6758,U+8233,舳,0x6DE44
5183,0x6759,U+8240,艀,0x6DE84
5184,0x675A,U+8259,艙,0x6DEC4
5185,0x675B,U+8258,艘,0x6DF04
5186,0x675C,U+825D,艝,0x6DF44
5187,0x675D,U+825A,艚,0x6DF84
5188,0x675E,U+825F,艟,0x6DFC4
5189,0x675F,U+8264,艤,0x6E004
5190,0x6760,U+8262,艢,0x6E044
5191,0x6761,U+8268,艨,0x6E084
5192,0x6762,U+826A,艪,0x6E0C4
5193,0x6763,U+826B,艫,0x6E104
5194,0x6764,U+822E,舮,0x6E144
5195,0x6765,U+8271,艱,0x6E184
5196,0x6766,U+8277,艷,0x6E1C4
5197,0x6767,U+8278,艸,0x6E204
5198,0x6768,U+827E,艾,0x6E244
5199,0x6769,U+828D,芍,0x6E284
5200,0x676A,U+8292,芒,0x6E2C4
5201,0x676B,U+82AB,芫,0x6E304
5202,0x676C,U+829F,芟,0x6E344
5203,0x676D,U+82BB,芻,0x6E384
5204,0x676E,U+82AC,芬,0x6E3C4
5205,0x676F,U+82E1,苡,0x6E404
5206,0x6770,U+82E3,苣,0x6E444
5207,0x6771,U+82DF,苟,0x6E484
5208,0x6772,U+82D2,苒,0x6E4C4
5209,0x6773,U+82F4,苴,0x6E504
5210,0x6774,U+82F3,苳,0x6E544
5211,0x6775,U+82FA,苺,0x6E584
5212,0x6776,U+8393,莓,0x6E5C4
5213,0x6777,U+8303,范,0x6E604
5214,0x6778,U+82FB,苻,0x6E644
5215,0x6779,U+82F9,苹,0x6E684
5216,0x677A,U+82DE,苞,0x6E6C4
5217,0x677B,U+8306,茆,0x6E704
5218,0x677C,U+82DC,苜,0x6E744
5219,0x677D,U+8309,茉,0x6E784
5220,0x677E,U+82D9,苙,0x6E7C4
5221,0x6821,U+8335,茵,0x6E804
5222,0x6822,U+8334,茴,0x6E844
5223,0x6823,U+8316,茖,0x6E884
5224,0x6824,U+8332,茲,0x6E8C4
5225,0x6825,U+8331,茱,0x6E904
5226,0x6826,U+8340,荀,0x6E944
5227,0x6827,U+8339,茹,0x6E984
5228,0x6828,U+8350,荐,0x6E9C4
5229,0x6829,U+8345,荅,0x6EA04
5230,0x682A,U+832F,茯,0x6EA44
5231,0x682B,U+832B,茫,0x6EA84
5232,0x682C,U+8317,茗,0x6EAC4
5233,0x682D,U+8318,茘,0x6EB04
5234,0x682E,U+8385,莅,0x6EB44
5235,0x682F,U+839A,莚,0x6EB84
5236,0x6830,U+83AA,莪,0x6EBC4
5237,0x6831,U+839F,莟,0x6EC04
5238,0x6832,U+83A2,莢,0x6EC44
5239,0x6833,U+8396,莖,0x6EC84
5240,0x6834,U+8323,茣,0x6ECC4
5241,0x6835,U+838E,莎,0x6ED04
5242,0x6836,U+8387,莇,0x6ED44
5243,0x6837,U+838A,莊,0x6ED84
5244,0x6838,U+837C,荼,0x6EDC4
5245,0x6839,U+83B5,莵,0x6EE04
5246,0x683A,U+8373,荳,0x6EE44
5247,0x683B,U+8375,荵,0x6EE84
5248,0x683C,U+83A0,莠,0x6EEC4
5249,0x683D,U+8389,莉,0x6EF04
5250,0x683E,U+83A8,莨,0x6EF44
5251,0x683F,U+83F4,菴,0x6EF84
5252,0x6840,U+8413,萓,0x6EFC4
5253,0x6841,U+83EB,菫,0x6F004
5254,0x6842,U+83CE,菎,0x6F044
5255,0x6843,U+83FD,菽,0x6F084
5256,0x6844,U+8403,萃,0x6F0C4
5257,0x6845,U+83D8,菘,0x6F104
5258,0x6846,U+840B,萋,0x6F144
5259,0x6847,U+83C1,菁,0x6F184
5260,0x6848,U+83F7,菷,0x6F1C4
5261,0x6849,U+8407,萇,0x6F204
5262,0x684A,U+83E0,菠,0x6F244
5263,0x684B,U+83F2,菲,0x6F284
5264,0x684C,U+840D,萍,0x6F2C4
5265,0x684D,U+8422,萢,0x6F304
5266,0x684E,U+8420,萠,0x6F344
5267,0x684F,U+83BD,莽,0x6F384
5268,0x6850,U+8438,萸,0x6F3C4
5269,0x6851,U+8506,蔆,0x6F404
5270,0x6852,U+83FB,菻,0x6F444
5271,0x6853,U+846D,葭,0x6F484
5272,0x6854,U+842A,萪,0x6F4C4
5273,0x6855,U+843C,萼,0x6F504
5274,0x6856,U+855A,蕚,0x6F544
5275,0x6857,U+8484,蒄,0x6F584
5276,0x6858,U+8477,葷,0x6F5C4
5277,0x6859,U+846B,葫,0x6F604
5278,0x685A,U+84AD,蒭,0x6F644
5279,0x685B,U+846E,葮,0x6F684
5280,0x685C,U+8482,蒂,0x6F6C4
5281,0x685D,U+8469,葩,0x6F704
5282,0x685E,U+8446,葆,0x6F744
5283,0x685F,U+842C,萬,0x6F784
5284,0x6860,U+846F,葯,0x6F7C4
5285,0x6861,U+8479,葹,0x6F804
5286,0x6862,U+8435,萵,0x6F844
5287,0x6863,U+84CA,蓊,0x6F884
5288,0x6864,U+8462,葢,0x6F8C4
5289,0x6865,U+84B9,蒹,0x6F904
5290,0x6866,U+84BF,蒿,0x6F944
5291,0x6867,U+849F,蒟,0x6F984
5292,0x6868,U+84D9,蓙,0x6F9C4
5293,0x6869,U+84CD,蓍,0x6FA04
5294,0x686A,U+84BB,蒻,0x6FA44
5295,0x686B,U+84DA,蓚,0x6FA84
5296,0x686C,U+84D0,蓐,0x6FAC4
5297,0x686D,U+84C1,蓁,0x6FB04
5298,0x686E,U+84C6,蓆,0x6FB44
5299,0x686F,U+84D6,蓖,0x6FB84
5300,0x6870,U+84A1,蒡,0x6FBC4
5301,0x6871,U+8521,蔡,0x6FC04
5302,0x6872,U+84FF,蓿,0x6FC44
5303,0x6873,U+84F4,蓴,0x6FC84
5304,0x6874,U+8517,蔗,0x6FCC4
5305,0x6875,U+8518,蔘,0x6FD04
5306,0x6876,U+852C,蔬,0x6FD44
5307,0x6877,U+851F,蔟,0x6FD84
5308,0x6878,U+8515,蔕,0x6FDC4
5309,0x6879,U+8514,蔔,0x6FE04
5310,0x687A,U+84FC,蓼,0x6FE44
5311,0x687B,U+8540,蕀,0x6FE84
5312,0x687C,U+8563,蕣,0x6FEC4
5313,0x687D,U+8558,蕘,0x6FF04
5314,0x687E,U+8548,蕈,0x6FF44
5315,0x6921,U+8541,蕁,0x6FF84
5316,0x6922,U+8602,蘂,0x6FFC4
5317,0x6923,U+854B,蕋,0x70004
5318,0x6924,U+8555,蕕,0x70044
5319,0x6925,U+8580,薀,0x70084
5320,0x6926,U+85A4,薤,0x700C4
5321,0x6927,U+8588,薈,0x70104
5322,0x6928,U+8591,薑,0x70144
5323,0x6929,U+858A,薊,0x70184
5324,0x692A,U+85A8,薨,0x701C4
5325,0x692B,U+856D,蕭,0x70204
5326,0x692C,U+8594,薔,0x70244
5327,0x692D,U+859B,薛,0x70284
5328,0x692E,U+85EA,藪,0x702C4
5329,0x692F,U+8587,薇,0x70304
5330,0x6930,U+859C,薜,0x70344
5331,0x6931,U+8577,蕷,0x70384
5332,0x6932,U+857E,蕾,0x703C4
5333,0x6933,U+8590,薐,0x70404
5334,0x6934,U+85C9,藉,0x70444
5335,0x6935,U+85BA,薺,0x70484
5336,0x6936,U+85CF,藏,0x704C4
5337,0x6937,U+85B9,薹,0x70504
5338,0x6938,U+85D0,藐,0x70544
5339,0x6939,U+85D5,藕,0x70584
5340,0x693A,U+85DD,藝,0x705C4
5341,0x693B,U+85E5,藥,0x70604
5342,0x693C,U+85DC,藜,0x70644
5343,0x693D,U+85F9,藹,0x70684
5344,0x693E,U+860A,蘊,0x706C4
5345,0x693F,U+8613,蘓,0x70704
5346,0x6940,U+860B,蘋,0x70744
5347,0x6941,U+85FE,藾,0x70784
5348,0x6942,U+85FA,藺,0x707C4
5349,0x6943,U+8606,蘆,0x70804
5350,0x6944,U+8622,蘢,0x70844
5351,0x6945,U+861A,蘚,0x70884
5352,0x6946,U+8630,蘰,0x708C4
5353,0x6947,U+863F,蘿,0x70904
5354,0x6948,U+864D,虍,0x70944
5355,0x6949,U+4E55,乕,0x70984
5356,0x694A,U+8654,虔,0x709C4
5357,0x694B,U+865F,號,0x70A04
5358,0x694C,U+8667,虧,0x70A44
5359,0x694D,U+8671,虱,0x70A84
5360,0x694E,U+8693,蚓,0x70AC4
5361,0x694F,U+86A3,蚣,0x70B04
5362,0x6950,U+86A9,蚩,0x70B44
5363,0x6951,U+86AA,蚪,0x70B84
5364,0x6952,U+868B,蚋,0x70BC4
5365,0x6953,U+868C,蚌,0x70C04
5366,0x6954,U+86B6,蚶,0x70C44
5367,0x6955,U+86AF,蚯,0x70C84
5368,0x6956,U+86C4,蛄,0x70CC4
5369,0x6957,U+86C6,蛆,0x70D04
5370,0x6958,U+86B0,蚰,0x70D44
5371,0x6959,U+86C9,蛉,0x70D84
5372,0x695A,U+8823,蠣,0x70DC4
5373,0x695B,U+86AB,蚫,0x70E04
5374,0x695C,U+86D4,蛔,0x70E44
5375,0x695D,U+86DE,蛞,0x70E84
5376,0x695E,U+86E9,蛩,0x70EC4
5377,0x695F,U+86EC,蛬,0x70F04
5378,0x6960,U+86DF,蛟,0x70F44
5379,0x6961,U+86DB,蛛,0x70F84
5380,0x6962,U+86EF,蛯,0x70FC4
5381,0x6963,U+8712,蜒,0x71004
5382,0x6964,U+8706,蜆,0x71044
5383,0x6965,U+8708,蜈,0x71084
5384,0x6966,U+8700,蜀,0x710C4
5385,0x6967,U+8703,蜃,0x71104
5386,0x6968,U+86FB,蛻,0x71144
5387,0x6969,U+8711,蜑,0x71184
5388,0x696A,U+8709,蜉,0x711C4
5389,0x696B,U+870D,蜍,0x71204
5390,0x696C,U+86F9,蛹,0x71244
5391,0x696D,U+870A,蜊,0x71284
5392,0x696E,U+8734,蜴,0x712C4
5393,0x696F,U+873F,蜿,0x71304
5394,0x6970,U+8737,蜷,0x71344
5395,0x6971,U+873B,蜻,0x71384
5396,0x6972,U+8725,蜥,0x713C4
5397,0x6973,U+8729,蜩,0x71404
5398,0x6974,U+871A,蜚,0x71444
5399,0x6975,U+8760,蝠,0x71484
5400,0x6976,U+875F,蝟,0x714C4
5401,0x6977,U+8778,蝸,0x71504
5402,0x6978,U+874C,蝌,0x71544
5403,0x6979,U+874E,蝎,0x71584
5404,0x697A,U+8774,蝴,0x715C4
5405,0x697B,U+8757,蝗,0x71604
5406,0x697C,U+8768,蝨,0x71644
5407,0x697D,U+876E,蝮,0x71684
5408,0x697E,U+8759,蝙,0x716C4
5409,0x6A21,U+8753,蝓,0x71704
5410,0x6A22,U+8763,蝣,0x71744
5411,0x6A23,U+876A,蝪,0x71784
5412,0x6A24,U+8805,蠅,0x717C4
5413,0x6A25,U+87A2,螢,0x71804
5414,0x6A26,U+879F,螟,0x71844
5415,0x6A27,U+8782,螂,0x71884
5416,0x6A28,U+87AF,螯,0x718C4
5417,0x6A29,U+87CB,蟋,0x71904
5418,0x6A2A,U+87BD,螽,0x71944
5419,0x6A2B,U+87C0,蟀,0x71984
5420,0x6A2C,U+87D0,蟐,0x719C4
5421,0x6A2D,U+96D6,雖,0x71A04
5422,0x6A2E,U+87AB,螫,0x71A44
5423,0x6A2F,U+87C4,蟄,0x71A84
5424,0x6A30,U+87B3,螳,0x71AC4
5425,0x6A31,U+87C7,蟇,0x71B04
5426,0x6A32,U+87C6,蟆,0x71B44
5427,0x6A33,U+87BB,螻,0x71B84
5428,0x6A34,U+87EF,蟯,0x71BC4
5429,0x6A35,U+87F2,蟲,0x71C04
5430,0x6A36,U+87E0,蟠,0x71C44
5431,0x6A37,U+880F,蠏,0x71C84
5432,0x6A38,U+880D,蠍,0x71CC4
5433,0x6A39,U+87FE,蟾,0x71D04
5434,0x6A3A,U+87F6,蟶,0x71D44
5435,0x6A3B,U+87F7,蟷,0x71D84
5436,0x6A3C,U+880E,蠎,0x71DC4
5437,0x6A3D,U+87D2,蟒,0x71E04
5438,0x6A3E,U+8811,蠑,0x71E44
5439,0x6A3F,U+8816,蠖,0x71E84
5440,0x6A40,U+8815,蠕,0x71EC4
5441,0x6A41,U+8822,蠢,0x71F04
5442,0x6A42,U+8821,蠡,0x71F44
5443,0x6A43,U+8831,蠱,0x71F84
5444,0x6A44,U+8836,蠶,0x71FC4
5445,0x6A45,U+8839,蠹,0x72004
5446,0x6A46,U+8827,蠧,0x72044
5447,0x6A47,U+883B,蠻,0x72084
5448,0x6A48,U+8844,衄,0x720C4
5449,0x6A49,U+8842,衂,0x72104
5450,0x6A4A,U+8852,衒,0x72144
5451,0x6A4B,U+8859,衙,0x72184
5452,0x6A4C,U+885E,衞,0x721C4
5453,0x6A4D,U+8862,衢,0x72204
5454,0x6A4E,U+886B,衫,0x72244
5455,0x6A4F,U+8881,袁,0x72284
5456,0x6A50,U+887E,衾,0x722C4
5457,0x6A51,U+889E,袞,0x72304
5458,0x6A52,U+8875,衵,0x72344
5459,0x6A53,U+887D,衽,0x72384
5460,0x6A54,U+88B5,袵,0x723C4
5461,0x6A55,U+8872,衲,0x72404
5462,0x6A56,U+8882,袂,0x72444
5463,0x6A57,U+8897,袗,0x72484
5464,0x6A58,U+8892,袒,0x724C4
5465,0x6A59,U+88AE,袮,0x72504
5466,0x6A5A,U+8899,袙,0x72544
5467,0x6A5B,U+88A2,袢,0x72584
5468,0x6A5C,U+888D,袍,0x725C4
5469,0x6A5D,U+88A4,袤,0x72604
5470,0x6A5E,U+88B0,袰,0x72644
5471,0x6A5F,U+88BF,袿,0x72684
5472,0x6A60,U+88B1,袱,0x726C4
5473,0x6A61,U+88C3,裃,0x72704
5474,0x6A62,U+88C4,裄,0x72744
5475,0x6A63,U+88D4,裔,0x72784
5476,0x6A64,U+88D8,裘,0x727C4
5477,0x6A65,U+88D9,裙,0x72804
5478,0x6A66,U+88DD,裝,0x72844
5479,0x6A67,U+88F9,裹,0x72884
5480,0x6A68,U+8902,褂,0x728C4
5481,0x6A69,U+88FC,裼,0x72904
5482,0x6A6A,U+88F4,裴,0x72944
5483,0x6A6B,U+88E8,裨,0x72984
5484,0x6A6C,U+88F2,裲,0x729C4
5485,0x6A6D,U+8904,褄,0x72A04
5486,0x6A6E,U+890C,褌,0x72A44
5487,0x6A6F,U+890A,褊,0x72A84
5488,0x6A70,U+8913,褓,0x72AC4
5489,0x6A71,U+8943,襃,0x72B04
5490,0x6A72,U+891E,褞,0x72B44
5491,0x6A73,U+8925,褥,0x72B84
5492,0x6A74,U+892A,褪,0x72BC4
5493,0x6A75,U+892B,褫,0x72C04
5494,0x6A76,U+8941,襁,0x72C44
5495,0x6A77,U+8944,襄,0x72C84
5496,0x6A78,U+893B,褻,0x72CC4
5497,0x6A79,U+8936,褶,0x72D04
5498,0x6A7A,U+8938,褸,0x72D44
5499,0x6A7B,U+894C,襌,0x72D84
5500,0x6A7C,U+891D,褝,0x72DC4
5501,0x6A7D,U+8960,襠,0x72E04
5502,0x6A7E,U+895E,襞,0x72E44
5503,0x6B21,U+8966,襦,0x72E84
5504,0x6B22,U+8964,襤,0x72EC4
5505,0x6B23,U+896D,襭,0x72F04
5506,0x6B24,U+896A,襪,0x72F44
5507,0x6B25,U+896F,襯,0x72F84
5508,0x6B26,U+8974,襴,0x72FC4
5509,0x6B27,U+8977,襷,0x73004
5510,0x6B28,U+897E,襾,0x73044
5511,0x6B29,U+8983,覃,0x73084
5512,0x6B2A,U+8988,覈,0x730C4
5513,0x6B2B,U+898A,覊,0x73104
5514,0x6B2C,U+8993,覓,0x73144
5515,0x6B2D,U+8998,覘,0x73184
5516,0x6B2E,U+89A1,覡,0x731C4
5517,0x6B2F,U+89A9,覩,0x73204
5518,0x6B30,U+89A6,覦,0x73244
5519,0x6B31,U+89AC,覬,0x73284
5520,0x6B32,U+89AF,覯,0x732C4
5521,0x6B33,U+89B2,覲,0x73304
5522,0x6B34,U+89BA,覺,0x73344
5523,0x6B35,U+89BD,覽,0x73384
5524,0x6B36,U+89BF,覿,0x733C4
5525,0x6B37,U+89C0,觀,0x73404
5526,0x6B38,U+89DA,觚,0x73444
5527,0x6B39,U+89DC,觜,0x73484
5528,0x6B3A,U+89DD,觝,0x734C4
5529,0x6B3B,U+89E7,觧,0x73504
5530,0x6B3C,U+89F4,觴,0x73544
5531,0x6B3D,U+89F8,觸,0x73584
5532,0x6B3E,U+8A03,訃,0x735C4
5533,0x6B3F,U+8A16,訖,0x73604
5534,0x6B40,U+8A10,訐,0x73644
5535,0x6B41,U+8A0C,訌,0x73684
5536,0x6B42,U+8A1B,訛,0x736C4
5537,0x6B43,U+8A1D,訝,0x73704
5538,0x6B44,U+8A25,訥,0x73744
5539,0x6B45,U+8A36,訶,0x73784
5540,0x6B46,U+8A41,詁,0x737C4
5541,0x6B47,U+8A5B,詛,0x73804
5542,0x6B48,U+8A52,詒,0x73844
5543,0x6B49,U+8A46,詆,0x73884
5544,0x6B4A,U+8A48,詈,0x738C4
5545,0x6B4B,U+8A7C,詼,0x73904
5546,0x6B4C,U+8A6D,詭,0x73944
5547,0x6B4D,U+8A6C,詬,0x73984
5548,0x6B4E,U+8A62,詢,0x739C4
5549,0x6B4F,U+8A85,誅,0x73A04
5550,0x6B50,U+8A82,誂,0x73A44
5551,0x6B51,U+8A84,誄,0x73A84
5552,0x6B52,U+8AA8,誨,0x73AC4
5553,0x6B53,U+8AA1,誡,0x73B04
5554,0x6B54,U+8A91,誑,0x73B44
5555,0x6B55,U+8AA5,誥,0x73B84
5556,0x6B56,U+8AA6,誦,0x73BC4
5557,0x6B57,U+8A9A,誚,0x73C04
5558,0x6B58,U+8AA3,誣,0x73C44
5559,0x6B59,U+8AC4,諄,0x73C84
5560,0x6B5A,U+8ACD,諍,0x73CC4
5561,0x6B5B,U+8AC2,諂,0x73D04
5562,0x6B5C,U+8ADA,諚,0x73D44
5563,0x6B5D,U+8AEB,諫,0x73D84
5564,0x6B5E,U+8AF3,諳,0x73DC4
5565,0x6B5F,U+8AE7,諧,0x73E04
5566,0x6B60,U+8AE4,諤,0x73E44
5567,0x6B61,U+8AF1,諱,0x73E84
5568,0x6B62,U+8B14,謔,0x73EC4
5569,0x6B63,U+8AE0,諠,0x73F04
5570,0x6B64,U+8AE2,諢,0x73F44
5571,0x6B65,U+8AF7,諷,0x73F84
5572,0x6B66,U+8ADE,諞,0x73FC4
5573,0x6B67,U+8ADB,諛,0x74004
5574,0x6B68,U+8B0C,謌,0x74044
5575,0x6B69,U+8B07,謇,0x74084
5576,0x6B6A,U+8B1A,謚,0x740C4
5577,0x6B6B,U+8AE1,諡,0x74104
5578,0x6B6C,U+8B16,謖,0x74144
5579,0x6B6D,U+8B10,謐,0x74184
5580,0x6B6E,U+8B17,謗,0x741C4
5581,0x6B6F,U+8B20,謠,0x74204
5582,0x6B70,U+8B33,謳,0x74244
5583,0x6B71,U+97AB,鞫,0x74284
5584,0x6B72,U+8B26,謦,0x742C4
5585,0x6B73,U+8B2B,謫,0x74304
5586,0x6B74,U+8B3E,謾,0x74344
5587,0x6B75,U+8B28,謨,0x74384
5588,0x6B76,U+8B41,譁,0x743C4
5589,0x6B77,U+8B4C,譌,0x74404
5590,0x6B78,U+8B4F,譏,0x74444
5591,0x6B79,U+8B4E,譎,0x74484
5592,0x6B7A,U+8B49,證,0x744C4
5593,0x6B7B,U+8B56,譖,0x74504
5594,0x6B7C,U+8B5B,譛,0x74544
5595,0x6B7D,U+8B5A,譚,0x74584
5596,0x6B7E,U+8B6B,譫,0x745C4
5597,0x6C21,U+8B5F,譟,0x74604
5598,0x6C22,U+8B6C,譬,0x74644
5599,0x6C23,U+8B6F,譯,0x74684
5600,0x6C24,U+8B74,譴,0x746C4
5601,0x6C25,U+8B7D,譽,0x74704
5602,0x6C26,U+8B80,讀,0x74744
5603,0x6C27,U+8B8C,讌,0x74784
5604,0x6C28,U+8B8E,讎,0x747C4
5605,0x6C29,U+8B92,讒,0x74804
5606,0x6C2A,U+8B93,讓,0x74844
5607,0x6C2B,U+8B96,讖,0x74884
5608,0x6C2C,U+8B99,讙,0x748C4
5609,0x6C2D,U+8B9A,讚,0x74904
5610,0x6C2E,U+8C3A,谺,0x74944
5611,0x6C2F,U+8C41,豁,0x74984
5612,0x6C30,U+8C3F,谿,0x749C4
5613,0x6C31,U+8C48,豈,0x74A04
5614,0x6C32,U+8C4C,豌,0x74A44
5615,0x6C33,U+8C4E,豎,0x74A84
5616,0x6C34,U+8C50,豐,0x74AC4
5617,0x6C35,U+8C55,豕,0x74B04
5618,0x6C36,U+8C62,豢,0x74B44
5619,0x6C37,U+8C6C,豬,0x74B84
5620,0x6C38,U+8C78,豸,0x74BC4
5621,0x6C39,U+8C7A,豺,0x74C04
5622,0x6C3A,U+8C82,貂,0x74C44
5623,0x6C3B,U+8C89,貉,0x74C84
5624,0x6C3C,U+8C85,貅,0x74CC4
5625,0x6C3D,U+8C8A,貊,0x74D04
5626,0x6C3E,U+8C8D,貍,0x74D44
5627,0x6C3F,U+8C8E,貎,0x74D84
5628,0x6C40,U+8C94,貔,0x74DC4
5629,0x6C41,U+8C7C,豼,0x74E04
5630,0x6C42,U+8C98,貘,0x74E44
5631,0x6C43,U+621D,戝,0x74E84
5632,0x6C44,U+8CAD,貭,0x74EC4
5633,0x6C45,U+8CAA,貪,0x74F04
5634,0x6C46,U+8CBD,貽,0x74F44
5635,0x6C47,U+8CB2,貲,0x74F84
5636,0x6C48,U+8CB3,貳,0x74FC4
5637,0x6C49,U+8CAE,貮,0x75004
5638,0x6C4A,U+8CB6,貶,0x75044
5639,0x6C4B,U+8CC8,賈,0x75084
5640,0x6C4C,U+8CC1,賁,0x750C4
5641,0x6C4D,U+8CE4,賤,0x75104
5642,0x6C4E,U+8CE3,賣,0x75144
5643,0x6C4F,U+8CDA,賚,0x75184
5644,0x6C50,U+8CFD,賽,0x751C4
5645,0x6C51,U+8CFA,賺,0x75204
5646,0x6C52,U+8CFB,賻,0x75244
5647,0x6C53,U+8D04,贄,0x75284
5648,0x6C54,U+8D05,贅,0x752C4
5649,0x6C55,U+8D0A,贊,0x75304
5650,0x6C56,U+8D07,贇,0x75344
5651,0x6C57,U+8D0F,贏,0x75384
5652,0x6C58,U+8D0D,贍,0x753C4
5653,0x6C59,U+8D10,贐,0x75404
5654,0x6C5A,U+9F4E,齎,0x75444
5655,0x6C5B,U+8D13,贓,0x75484
5656,0x6C5C,U+8CCD,賍,0x754C4
5657,0x6C5D,U+8D14,贔,0x75504
5658,0x6C5E,U+8D16,贖,0x75544
5659,0x6C5F,U+8D67,赧,0x75584
5660,0x6C60,U+8D6D,赭,0x755C4
5661,0x6C61,U+8D71,赱,0x75604
5662,0x6C62,U+8D73,赳,0x75644
5663,0x6C63,U+8D81,趁,0x75684
5664,0x6C64,U+8D99,趙,0x756C4
5665,0x6C65,U+8DC2,跂,0x75704
5666,0x6C66,U+8DBE,趾,0x75744
5667,0x6C67,U+8DBA,趺,0x75784
5668,0x6C68,U+8DCF,跏,0x757C4
5669,0x6C69,U+8DDA,跚,0x75804
5670,0x6C6A,U+8DD6,跖,0x75844
5671,0x6C6B,U+8DCC,跌,0x75884
5672,0x6C6C,U+8DDB,跛,0x758C4
5673,0x6C6D,U+8DCB,跋,0x75904
5674,0x6C6E,U+8DEA,跪,0x75944
5675,0x6C6F,U+8DEB,跫,0x75984
5676,0x6C70,U+8DDF,跟,0x759C4
5677,0x6C71,U+8DE3,跣,0x75A04
5678,0x6C72,U+8DFC,跼,0x75A44
5679,0x6C73,U+8E08,踈,0x75A84
5680,0x6C74,U+8E09,踉,0x75AC4
5681,0x6C75,U+8DFF,跿,0x75B04
5682,0x6C76,U+8E1D,踝,0x75B44
5683,0x6C77,U+8E1E,踞,0x75B84
5684,0x6C78,U+8E10,踐,0x75BC4
5685,0x6C79,U+8E1F,踟,0x75C04
5686,0x6C7A,U+8E42,蹂,0x75C44
5687,0x6C7B,U+8E35,踵,0x75C84
5688,0x6C7C,U+8E30,踰,0x75CC4
5689,0x6C7D,U+8E34,踴,0x75D04
5690,0x6C7E,U+8E4A,蹊,0x75D44
5691,0x6D21,U+8E47,蹇,0x75D84
5692,0x6D22,U+8E49,蹉,0x75DC4
5693,0x6D23,U+8E4C,蹌,0x75E04
5694,0x6D24,U+8E50,蹐,0x75E44
5695,0x6D25,U+8E48,蹈,0x75E84
5696,0x6D26,U+8E59,蹙,0x75EC4
5697,0x6D27,U+8E64,蹤,0x75F04
5698,0x6D28,U+8E60,蹠,0x75F44
5699,0x6D29,U+8E2A,踪,0x75F84
5700,0x6D2A,U+8E63,蹣,0x75FC4
5701,0x6D2B,U+8E55,蹕,0x76004
5702,0x6D2C,U+8E76,蹶,0x76044
5703,0x6D2D,U+8E72,蹲,0x76084
5704,0x6D2E,U+8E7C,蹼,0x760C4
5705,0x6D2F,U+8E81,躁,0x76104
5706,0x6D30,U+8E87,躇,0x76144
5707,0x6D31,U+8E85,躅,0x76184
5708,0x6D32,U+8E84,躄,0x761C4
5709,0x6D33,U+8E8B,躋,0x76204
5710,0x6D34,U+8E8A,躊,0x76244
5711,0x6D35,U+8E93,躓,0x76284
5712,0x6D36,U+8E91,躑,0x762C4
5713,0x6D37,U+8E94,躔,0x76304
5714,0x6D38,U+8E99,躙,0x76344
5715,0x6D39,U+8EAA,躪,0x76384
5716,0x6D3A,U+8EA1,躡,0x763C4
5717,0x6D3B,U+8EAC,躬,0x76404
5718,0x6D3C,U+8EB0,躰,0x76444
5719,0x6D3D,U+8EC6,軆,0x76484
5720,0x6D3E,U+8EB1,躱,0x764C4
5721,0x6D3F,U+8EBE,躾,0x76504
5722,0x6D40,U+8EC5,軅,0x76544
5723,0x6D41,U+8EC8,軈,0x76584
5724,0x6D42,U+8ECB,軋,0x765C4
5725,0x6D43,U+8EDB,軛,0x76604
5726,0x6D44,U+8EE3,軣,0x76644
5727,0x6D45,U+8EFC,軼,0x76684
5728,0x6D46,U+8EFB,軻,0x766C4
5729,0x6D47,U+8EEB,軫,0x76704
5730,0x6D48,U+8EFE,軾,0x76744
5731,0x6D49,U+8F0A,輊,0x76784
5732,0x6D4A,U+8F05,輅,0x767C4
5733,0x6D4B,U+8F15,輕,0x76804
5734,0x6D4C,U+8F12,輒,0x76844
5735,0x6D4D,U+8F19,輙,0x76884
5736,0x6D4E,U+8F13,輓,0x768C4
5737,0x6D4F,U+8F1C,輜,0x76904
5738,0x6D50,U+8F1F,輟,0x76944
5739,0x6D51,U+8F1B,輛,0x76984
5740,0x6D52,U+8F0C,輌,0x769C4
5741,0x6D53,U+8F26,輦,0x76A04
5742,0x6D54,U+8F33,輳,0x76A44
5743,0x6D55,U+8F3B,輻,0x76A84
5744,0x6D56,U+8F39,輹,0x76AC4
5745,0x6D57,U+8F45,轅,0x76B04
5746,0x6D58,U+8F42,轂,0x76B44
5747,0x6D59,U+8F3E,輾,0x76B84
5748,0x6D5A,U+8F4C,轌,0x76BC4
5749,0x6D5B,U+8F49,轉,0x76C04
5750,0x6D5C,U+8F46,轆,0x76C44
5751,0x6D5D,U+8F4E,轎,0x76C84
5752,0x6D5E,U+8F57,轗,0x76CC4
5753,0x6D5F,U+8F5C,轜,0x76D04
5754,0x6D60,U+8F62,轢,0x76D44
5755,0x6D61,U+8F63,轣,0x76D84
5756,0x6D62,U+8F64,轤,0x76DC4
5757,0x6D63,U+8F9C,辜,0x76E04
5758,0x6D64,U+8F9F,辟,0x76E44
5759,0x6D65,U+8FA3,辣,0x76E84
5760,0x6D66,U+8FAD,辭,0x76EC4
5761,0x6D67,U+8FAF,辯,0x76F04
5762,0x6D68,U+8FB7,辷,0x76F44
5763,0x6D69,U+8FDA,迚,0x76F84
5764,0x6D6A,U+8FE5,迥,0x76FC4
5765,0x6D6B,U+8FE2,迢,0x77004
5766,0x6D6C,U+8FEA,迪,0x77044
5767,0x6D6D,U+8FEF,迯,0x77084
5768,0x6D6E,U+9087,邇,0x770C4
5769,0x6D6F,U+8FF4,迴,0x77104
5770,0x6D70,U+9005,逅,0x77144
5771,0x6D71,U+8FF9,迹,0x77184
5772,0x6D72,U+8FFA,迺,0x771C4
5773,0x6D73,U+9011,逑,0x77204
5774,0x6D74,U+9015,逕,0x77244
5775,0x6D75,U+9021,逡,0x77284
5776,0x6D76,U+900D,逍,0x772C4
5777,0x6D77,U+901E,逞,0x77304
5778,0x6D78,U+9016,逖,0x77344
5779,0x6D79,U+900B,逋,0x77384
5780,0x6D7A,U+9027,逧,0x773C4
5781,0x6D7B,U+9036,逶,0x77404
5782,0x6D7C,U+9035,逵,0x77444
5783,0x6D7D,U+9039,逹,0x77484
5784,0x6D7E,U+8FF8,迸,0x774C4
5785,0x6E21,U+904F,遏,0x77504
5786,0x6E22,U+9050,遐,0x77544
5787,0x6E23,U+9051,遑,0x77584
5788,0x6E24,U+9052,遒,0x775C4
5789,0x6E25,U+900E,逎,0x77604
5790,0x6E26,U+9049,遉,0x77644
5791,0x6E27,U+903E,逾,0x77684
5792,0x6E28,U+9056,遖,0x776C4
5793,0x6E29,U+9058,遘,0x77704
5794,0x6E2A,U+905E,遞,0x77744
5795,0x6E2B,U+9068,遨,0x77784
5796,0x6E2C,U+906F,遯,0x777C4
5797,0x6E2D,U+9076,遶,0x77804
5798,0x6E2E,U+96A8,隨,0x77844
5799,0x6E2F,U+9072,遲,0x77884
5800,0x6E30,U+9082,邂,0x778C4
5801,0x6E31,U+907D,遽,0x77904
5802,0x6E32,U+9081,邁,0x77944
5803,0x6E33,U+9080,邀,0x77984
5804,0x6E34,U+908A,邊,0x779C4
5805,0x6E35,U+9089,邉,0x77A04
5806,0x6E36,U+908F,邏,0x77A44
5807,0x6E37,U+90A8,邨,0x77A84
5808,0x6E38,U+90AF,邯,0x77AC4
5809,0x6E39,U+90B1,邱,0x77B04
5810,0x6E3A,U+90B5,邵,0x77B44
5811,0x6E3B,U+90E2,郢,0x77B84
5812,0x6E3C,U+90E4,郤,0x77BC4
5813,0x6E3D,U+6248,扈,0x77C04
5814,0x6E3E,U+90DB,郛,0x77C44
5815,0x6E3F,U+9102,鄂,0x77C84
5816,0x6E40,U+9112,鄒,0x77CC4
5817,0x6E41,U+9119,鄙,0x77D04
5818,0x6E42,U+9132,鄲,0x77D44
5819,0x6E43,U+9130,鄰,0x77D84
5820,0x6E44,U+914A,酊,0x77DC4
5821,0x6E45,U+9156,酖,0x77E04
5822,0x6E46,U+9158,酘,0x77E44
5823,0x6E47,U+9163,酣,0x77E84
5824,0x6E48,U+9165,酥,0x77EC4
5825,0x6E49,U+9169,酩,0x77F04
5826,0x6E4A,U+9173,酳,0x77F44
5827,0x6E4B,U+9172,酲,0x77F84
5828,0x6E4C,U+918B,醋,0x77FC4
5829,0x6E4D,U+9189,醉,0x78004
5830,0x6E4E,U+9182,醂,0x78044
5831,0x6E4F,U+91A2,醢,0x78084
5832,0x6E50,U+91AB,醫,0x780C4
5833,0x6E51,U+91AF,醯,0x78104
5834,0x6E52,U+91AA,醪,0x78144
5835,0x6E53,U+91B5,醵,0x78184
5836,0x6E54,U+91B4,醴,0x781C4
5837,0x6E55,U+91BA,醺,0x78204
5838,0x6E56,U+91C0,釀,0x78244
5839,0x6E57,U+91C1,釁,0x78284
5840,0x6E58,U+91C9,釉,0x782C4
5841,0x6E59,U+91CB,釋,0x78304
5842,0x6E5A,U+91D0,釐,0x78344
5843,0x6E5B,U+91D6,釖,0x78384
5844,0x6E5C,U+91DF,釟,0x783C4
5845,0x6E5D,U+91E1,釡,0x78404
5846,0x6E5E,U+91DB,釛,0x78444
5847,0x6E5F,U+91FC,釼,0x78484
5848,0x6E60,U+91F5,釵,0x784C4
5849,0x6E61,U+91F6,釶,0x78504
5850,0x6E62,U+921E,鈞,0x78544
5851,0x6E63,U+91FF,釿,0x78584
5852,0x6E64,U+9214,鈔,0x785C4
5853,0x6E65,U+922C,鈬,0x78604
5854,0x6E66,U+9215,鈕,0x78644
5855,0x6E67,U+9211,鈑,0x78684
5856,0x6E68,U+925E,鉞,0x786C4
5857,0x6E69,U+9257,鉗,0x78704
5858,0x6E6A,U+9245,鉅,0x78744
5859,0x6E6B,U+9249,鉉,0x78784
5860,0x6E6C,U+9264,鉤,0x787C4
5861,0x6E6D,U+9248,鉈,0x78804
5862,0x6E6E,U+9295,銕,0x78844
5863,0x6E6F,U+923F,鈿,0x78884
5864,0x6E70,U+924B,鉋,0x788C4
5865,0x6E71,U+9250,鉐,0x78904
5866,0x6E72,U+929C,銜,0x78944
5867,0x6E73,U+9296,銖,0x78984
5868,0x6E74,U+9293,銓,0x789C4
5869,0x6E75,U+929B,銛,0x78A04
5870,0x6E76,U+925A,鉚,0x78A44
5871,0x6E77,U+92CF,鋏,0x78A84
5872,0x6E78,U+92B9,銹,0x78AC4
5873,0x6E79,U+92B7,銷,0x78B04
5874,0x6E7A,U+92E9,鋩,0x78B44
5875,0x6E7B,U+930F,錏,0x78B84
5876,0x6E7C,U+92FA,鋺,0x78BC4
5877,0x6E7D,U+9344,鍄,0x78C04
5878,0x6E7E,U+932E,錮,0x78C44
5879,0x6F21,U+9319,錙,0x78C84
5880,0x6F22,U+9322,錢,0x78CC4
5881,0x6F23,U+931A,錚,0x78D04
5882,0x6F24,U+9323,錣,0x78D44
5883,0x6F25,U+933A,錺,0x78D84
5884,0x6F26,U+9335,錵,0x78DC4
5885,0x6F27,U+933B,錻,0x78E04
5886,0x6F28,U+935C,鍜,0x78E44
5887,0x6F29,U+9360,鍠,0x78E84
5888,0x6F2A,U+937C,鍼,0x78EC4
5889,0x6F2B,U+936E,鍮,0x78F04
5890,0x6F2C,U+9356,鍖,0x78F44
5891,0x6F2D,U+93B0,鎰,0x78F84
5892,0x6F2E,U+93AC,鎬,0x78FC4
5893,0x6F2F,U+93AD,鎭,0x79004
5894,0x6F30,U+9394,鎔,0x79044
5895,0x6F31,U+93B9,鎹,0x79084
5896,0x6F32,U+93D6,鏖,0x790C4
5897,0x6F33,U+93D7,鏗,0x79104
5898,0x6F34,U+93E8,鏨,0x79144
5899,0x6F35,U+93E5,鏥,0x79184
5900,0x6F36,U+93D8,鏘,0x791C4
5901,0x6F37,U+93C3,鏃,0x79204
5902,0x6F38,U+93DD,鏝,0x79244
5903,0x6F39,U+93D0,鏐,0x79284
5904,0x6F3A,U+93C8,鏈,0x792C4
5905,0x6F3B,U+93E4,鏤,0x79304
5906,0x6F3C,U+941A,鐚,0x79344
5907,0x6F3D,U+9414,鐔,0x79384
5908,0x6F3E,U+9413,鐓,0x793C4
5909,0x6F3F,U+9403,鐃,0x79404
5910,0x6F40,U+9407,鐇,0x79444
5911,0x6F41,U+9410,鐐,0x79484
5912,0x6F42,U+9436,鐶,0x794C4
5913,0x6F43,U+942B,鐫,0x79504
5914,0x6F44,U+9435,鐵,0x79544
5915,0x6F45,U+9421,鐡,0x79584
5916,0x6F46,U+943A,鐺,0x795C4
5917,0x6F47,U+9441,鑁,0x79604
5918,0x6F48,U+9452,鑒,0x79644
5919,0x6F49,U+9444,鑄,0x79684
5920,0x6F4A,U+945B,鑛,0x796C4
5921,0x6F4B,U+9460,鑠,0x79704
5922,0x6F4C,U+9462,鑢,0x79744
5923,0x6F4D,U+945E,鑞,0x79784
5924,0x6F4E,U+946A,鑪,0x797C4
5925,0x6F4F,U+9229,鈩,0x79804
5926,0x6F50,U+9470,鑰,0x79844
5927,0x6F51,U+9475,鑵,0x79884
5928,0x6F52,U+9477,鑷,0x798C4
5929,0x6F53,U+947D,鑽,0x79904
5930,0x6F54,U+945A,鑚,0x79944
5931,0x6F55,U+947C,鑼,0x79984
5932,0x6F56,U+947E,鑾,0x799C4
5933,0x6F57,U+9481,钁,0x79A04
5934,0x6F58,U+947F,鑿,0x79A44
5935,0x6F59,U+9582,閂,0x79A84
5936,0x6F5A,U+9587,閇,0x79AC4
5937,0x6F5B,U+958A,閊,0x79B04
5938,0x6F5C,U+9594,閔,0x79B44
5939,0x6F5D,U+9596,閖,0x79B84
5940,0x6F5E,U+9598,閘,0x79BC4
5941,0x6F5F,U+9599,閙,0x79C04
5942,0x6F60,U+95A0,閠,0x79C44
5943,0x6F61,U+95A8,閨,0x79C84
5944,0x6F62,U+95A7,閧,0x79CC4
5945,0x6F63,U+95AD,閭,0x79D04
5946,0x6F64,U+95BC,閼,0x79D44
5947,0x6F65,U+95BB,閻,0x79D84
5948,0x6F66,U+95B9,閹,0x79DC4
5949,0x6F67,U+95BE,閾,0x79E04
5950,0x6F68,U+95CA,闊,0x79E44
5951,0x6F69,U+6FF6,濶,0x79E84
5952,0x6F6A,U+95C3,闃,0x79EC4
5953,0x6F6B,U+95CD,闍,0x79F04
5954,0x6F6C,U+95CC,闌,0x79F44
5955,0x6F6D,U+95D5,闕,0x79F84
5956,0x6F6E,U+95D4,闔,0x79FC4
5957,0x6F6F,U+95D6,闖,0x7A004
5958,0x6F70,U+95DC,關,0x7A044
5959,0x6F71,U+95E1,闡,0x7A084
5960,0x6F72,U+95E5,闥,0x7A0C4
5961,0x6F73,U+95E2,闢,0x7A104
5962,0x6F74,U+9621,阡,0x7A144
5963,0x6F75,U+9628,阨,0x7A184
5964,0x6F76,U+962E,阮,0x7A1C4
5965,0x6F77,U+962F,阯,0x7A204
5966,0x6F78,U+9642,陂,0x7A244
5967,0x6F79,U+964C,陌,0x7A284
5968,0x6F7A,U+964F,陏,0x7A2C4
5969,0x6F7B,U+964B,陋,0x7A304
5970,0x6F7C,U+9677,陷,0x7A344
5971,0x6F7D,U+965C,陜,0x7A384
5972,0x6F7E,U+965E,陞,0x7A3C4
5973,0x7021,U+965D,陝,0x7A404
5974,0x7022,U+965F,陟,0x7A444
5975,0x7023,U+9666,陦,0x7A484
5976,0x7024,U+9672,陲,0x7A4C4
5977,0x7025,U+966C,陬,0x7A504
5978,0x7026,U+968D,隍,0x7A544
5979,0x7027,U+9698,隘,0x7A584
5980,0x7028,U+9695,隕,0x7A5C4
5981,0x7029,U+9697,隗,0x7A604
5982,0x702A,U+96AA,險,0x7A644
5983,0x702B,U+96A7,隧,0x7A684
5984,0x702C,U+96B1,隱,0x7A6C4
5985,0x702D,U+96B2,隲,0x7A704
5986,0x702E,U+96B0,隰,0x7A744
5987,0x702F,U+96B4,隴,0x7A784
5988,0x7030,U+96B6,隶,0x7A7C4
5989,0x7031,U+96B8,隸,0x7A804
5990,0x7032,U+96B9,隹,0x7A844
5991,0x7033,U+96CE,雎,0x7A884
5992,0x7034,U+96CB,雋,0x7A8C4
5993,0x7035,U+96C9,雉,0x7A904
5994,0x7036,U+96CD,雍,0x7A944
5995,0x7037,U+894D,襍,0x7A984
5996,0x7038,U+96DC,雜,0x7A9C4
5997,0x7039,U+970D,霍,0x7AA04
5998,0x703A,U+96D5,雕,0x7AA44
5999,0x703B,U+96F9,雹,0x7AA84
6000,0x703C,U+9704,霄,0x7AAC4
6001,0x703D,U+9706,霆,0x7AB04
6002,0x703E,U+9708,霈,0x7AB44
6003,0x703F,U+9713,霓,0x7AB84
6004,0x7040,U+970E,霎,0x7ABC4
6005,0x7041,U+9711,霑,0x7AC04
6006,0x7042,U+970F,霏,0x7AC44
6007,0x7043,U+9716,霖,0x7AC84
6008,0x7044,U+9719,霙,0x7ACC4
6009,0x7045,U+9724,霤,0x7AD04
6010,0x7046,U+972A,霪,0x7AD44
6011,0x7047,U+9730,霰,0x7AD84
6012,0x7048,U+9739,霹,0x7ADC4
6013,0x7049,U+973D,霽,0x7AE04
6014,0x704A,U+973E,霾,0x7AE44
6015,0x704B,U+9744,靄,0x7AE84
6016,0x704C,U+9746,靆,0x7AEC4
6017,0x704D,U+9748,靈,0x7AF04
6018,0x704E,U+9742,靂,0x7AF44
6019,0x704F,U+9749,靉,0x7AF84
6020,0x7050,U+975C,靜,0x7AFC4
6021,0x7051,U+9760,靠,0x7B004
6022,0x7052,U+9764,靤,0x7B044
6023,0x7053,U+9766,靦,0x7B084
6024,0x7054,U+9768,靨,0x7B0C4
6025,0x7055,U+52D2,勒,0x7B104
6026,0x7056,U+976B,靫,0x7B144
6027,0x7057,U+9771,靱,0x7B184
6028,0x7058,U+9779,靹,0x7B1C4
6029,0x7059,U+9785,鞅,0x7B204
6030,0x705A,U+977C,靼,0x7B244
6031,0x705B,U+9781,鞁,0x7B284
6032,0x705C,U+977A,靺,0x7B2C4
6033,0x705D,U+9786,鞆,0x7B304
6034,0x705E,U+978B,鞋,0x7B344
6035,0x705F,U+978F,鞏,0x7B384
6036,0x7060,U+9790,鞐,0x7B3C4
6037,0x7061,U+979C,鞜,0x7B404
6038,0x7062,U+97A8,鞨,0x7B444
6039,0x7063,U+97A6,鞦,0x7B484
6040,0x7064,U+97A3,鞣,0x7B4C4
6041,0x7065,U+97B3,鞳,0x7B504
6042,0x7066,U+97B4,鞴,0x7B544
6043,0x7067,U+97C3,韃,0x7B584
6044,0x7068,U+97C6,韆,0x7B5C4
6045,0x7069,U+97C8,韈,0x7B604
6046,0x706A,U+97CB,韋,0x7B644
6047,0x706B,U+97DC,韜,0x7B684
6048,0x706C,U+97ED,韭,0x7B6C4
6049,0x706D,U+9F4F,齏,0x7B704
6050,0x706E,U+97F2,韲,0x7B744
6051,0x706F,U+7ADF,竟,0x7B784
6052,0x7070,U+97F6,韶,0x7B7C4
6053,0x7071,U+97F5,韵,0x7B804
6054,0x7072,U+980F,頏,0x7B844
6055,0x7073,U+980C,頌,0x7B884
6056,0x7074,U+9838,頸,0x7B8C4
6057,0x7075,U+9824,頤,0x7B904
6058,0x7076,U+9821,頡,0x7B944
6059,0x7077,U+9837,頷,0x7B984
6060,0x7078,U+983D,頽,0x7B9C4
6061,0x7079,U+9846,顆,0x7BA04
6062,0x707A,U+984F,顏,0x7BA44
6063,0x707B,U+984B,顋,0x7BA84
6064,0x707C,U+986B,顫,0x7BAC4
6065,0x707D,U+986F,顯,0x7BB04
6066,0x707E,U+9870,顰,0x7BB44
6067,0x7121,U+9871,顱,0x7BB84
6068,0x7122,U+9874,顴,0x7BBC4
6069,0x7123,U+9873,顳,0x7BC04
6070,0x7124,U+98AA,颪,0x7BC44
6071,0x7125,U+98AF,颯,0x7BC84
6072,0x7126,U+98B1,颱,0x7BCC4
6073,0x7127,U+98B6,颶,0x7BD04
6074,0x7128,U+98C4,飄,0x7BD44
6075,0x7129,U+98C3,飃,0x7BD84
6076,0x712A,U+98C6,飆,0x7BDC4
6077,0x712B,U+98E9,飩,0x7BE04
6078,0x712C,U+98EB,飫,0x7BE44
6079,0x712D,U+9903,餃,0x7BE84
6080,0x712E,U+9909,餉,0x7BEC4
6081,0x712F,U+9912,餒,0x7BF04
6082,0x7130,U+9914,餔,0x7BF44
6083,0x7131,U+9918,餘,0x7BF84
6084,0x7132,U+9921,餡,0x7BFC4
6085,0x7133,U+991D,餝,0x7C004
6086,0x7134,U+991E,餞,0x7C044
6087,0x7135,U+9924,餤,0x7C084
6088,0x7136,U+9920,餠,0x7C0C4
6089,0x7137,U+992C,餬,0x7C104
6090,0x7138,U+992E,餮,0x7C144
6091,0x7139,U+993D,餽,0x7C184
6092,0x713A,U+993E,餾,0x7C1C4
6093,0x713B,U+9942,饂,0x7C204
6094,0x713C,U+9949,饉,0x7C244
6095,0x713D,U+9945,饅,0x7C284
6096,0x713E,U+9950,饐,0x7C2C4
6097,0x713F,U+994B,饋,0x7C304
6098,0x7140,U+9951,饑,0x7C344
6099,0x7141,U+9952,饒,0x7C384
6100,0x7142,U+994C,饌,0x7C3C4
6101,0x7143,U+9955,饕,0x7C404
6102,0x7144,U+9997,馗,0x7C444
6103,0x7145,U+9998,馘,0x7C484
6104,0x7146,U+99A5,馥,0x7C4C4
6105,0x7147,U+99AD,馭,0x7C504
6106,0x7148,U+99AE,馮,0x7C544
6107,0x7149,U+99BC,馼,0x7C584
6108,0x714A,U+99DF,駟,0x7C5C4
6109,0x714B,U+99DB,駛,0x7C604
6110,0x714C,U+99DD,駝,0x7C644
6111,0x714D,U+99D8,駘,0x7C684
6112,0x714E,U+99D1,駑,0x7C6C4
6113,0x714F,U+99ED,駭,0x7C704
6114,0x7150,U+99EE,駮,0x7C744
6115,0x7151,U+99F1,駱,0x7C784
6116,0x7152,U+99F2,駲,0x7C7C4
6117,0x7153,U+99FB,駻,0x7C804
6118,0x7154,U+99F8,駸,0x7C844
6119,0x7155,U+9A01,騁,0x7C884
6120,0x7156,U+9A0F,騏,0x7C8C4
6121,0x7157,U+9A05,騅,0x7C904
6122,0x7158,U+99E2,駢,0x7C944
6123,0x7159,U+9A19,騙,0x7C984
6124,0x715A,U+9A2B,騫,0x7C9C4
6125,0x715B,U+9A37,騷,0x7CA04
6126,0x715C,U+9A45,驅,0x7CA44
6127,0x715D,U+9A42,驂,0x7CA84
6128,0x715E,U+9A40,驀,0x7CAC4
6129,0x715F,U+9A43,驃,0x7CB04
6130,0x7160,U+9A3E,騾,0x7CB44
6131,0x7161,U+9A55,驕,0x7CB84
6132,0x7162,U+9A4D,驍,0x7CBC4
6133,0x7163,U+9A5B,驛,0x7CC04
6134,0x7164,U+9A57,驗,0x7CC44
6135,0x7165,U+9A5F,驟,0x7CC84
6136,0x7166,U+9A62,驢,0x7CCC4
6137,0x7167,U+9A65,驥,0x7CD04
6138,0x7168,U+9A64,驤,0x7CD44
6139,0x7169,U+9A69,驩,0x7CD84
6140,0x716A,U+9A6B,驫,0x7CDC4
6141,0x716B,U+9A6A,驪,0x7CE04
6142,0x716C,U+9AAD,骭,0x7CE44
6143,0x716D,U+9AB0,骰,0x7CE84
6144,0x716E,U+9ABC,骼,0x7CEC4
6145,0x716F,U+9AC0,髀,0x7CF04
6146,0x7170,U+9ACF,髏,0x7CF44
6147,0x7171,U+9AD1,髑,0x7CF84
6148,0x7172,U+9AD3,髓,0x7CFC4
6149,0x7173,U+9AD4,體,0x7D004
6150,0x7174,U+9ADE,髞,0x7D044
6151,0x7175,U+9ADF,髟,0x7D084
6152,0x7176,U+9AE2,髢,0x7D0C4
6153,0x7177,U+9AE3,髣,0x7D104
6154,0x7178,U+9AE6,髦,0x7D144
6155,0x7179,U+9AEF,髯,0x7D184
6156,0x717A,U+9AEB,髫,0x7D1C4
6157,0x717B,U+9AEE,髮,0x7D204
6158,0x717C,U+9AF4,髴,0x7D244
6159,0x717D,U+9AF1,髱,0x7D284
6160,0x717E,U+9AF7,髷,0x7D2C4
6161,0x7221,U+9AFB,髻,0x7D304
6162,0x7222,U+9B06,鬆,0x7D344
6163,0x7223,U+9B18,鬘,0x7D384
6164,0x7224,U+9B1A,鬚,0x7D3C4
6165,0x7225,U+9B1F,鬟,0x7D404
6166,0x7226,U+9B22,鬢,0x7D444
6167,0x7227,U+9B23,鬣,0x7D484
6168,0x7228,U+9B25,鬥,0x7D4C4
6169,0x7229,U+9B27,鬧,0x7D504
6170,0x722A,U+9B28,鬨,0x7D544
6171,0x722B,U+9B29,鬩,0x7D584
6172,0x722C,U+9B2A,鬪,0x7D5C4
6173,0x722D,U+9B2E,鬮,0x7D604
6174,0x722E,U+9B2F,鬯,0x7D644
6175,0x722F,U+9B32,鬲,0x7D684
6176,0x7230,U+9B44,魄,0x7D6C4
6177,0x7231,U+9B43,魃,0x7D704
6178,0x7232,U+9B4F,魏,0x7D744
6179,0x7233,U+9B4D,魍,0x7D784
6180,0x7234,U+9B4E,魎,0x7D7C4
6181,0x7235,U+9B51,魑,0x7D804
6182,0x7236,U+9B58,魘,0x7D844
6183,0x7237,U+9B74,魴,0x7D884
6184,0x7238,U+9B93,鮓,0x7D8C4
6185,0x7239,U+9B83,鮃,0x7D904
6186,0x723A,U+9B91,鮑,0x7D944
6187,0x723B,U+9B96,鮖,0x7D984
6188,0x723C,U+9B97,鮗,0x7D9C4
6189,0x723D,U+9B9F,鮟,0x7DA04
6190,0x723E,U+9BA0,鮠,0x7DA44
6191,0x723F,U+9BA8,鮨,0x7DA84
6192,0x7240,U+9BB4,鮴,0x7DAC4
6193,0x7241,U+9BC0,鯀,0x7DB04
6194,0x7242,U+9BCA,鯊,0x7DB44
6195,0x7243,U+9BB9,鮹,0x7DB84
6196,0x7244,U+9BC6,鯆,0x7DBC4
6197,0x7245,U+9BCF,鯏,0x7DC04
6198,0x7246,U+9BD1,鯑,0x7DC44
6199,0x7247,U+9BD2,鯒,0x7DC84
6200,0x7248,U+9BE3,鯣,0x7DCC4
6201,0x7249,U+9BE2,鯢,0x7DD04
6202,0x724A,U+9BE4,鯤,0x7DD44
6203,0x724B,U+9BD4,鯔,0x7DD84
6204,0x724C,U+9BE1,鯡,0x7DDC4
6205,0x724D,U+9C3A,鰺,0x7DE04
6206,0x724E,U+9BF2,鯲,0x7DE44
6207,0x724F,U+9BF1,鯱,0x7DE84
6208,0x7250,U+9BF0,鯰,0x7DEC4
6209,0x7251,U+9C15,鰕,0x7DF04
6210,0x7252,U+9C14,鰔,0x7DF44
6211,0x7253,U+9C09,鰉,0x7DF84
6212,0x7254,U+9C13,鰓,0x7DFC4
6213,0x7255,U+9C0C,鰌,0x7E004
6214,0x7256,U+9C06,鰆,0x7E044
6215,0x7257,U+9C08,鰈,0x7E084
6216,0x7258,U+9C12,鰒,0x7E0C4
6217,0x7259,U+9C0A,鰊,0x7E104
6218,0x725A,U+9C04,鰄,0x7E144
6219,0x725B,U+9C2E,鰮,0x7E184
6220,0x725C,U+9C1B,鰛,0x7E1C4
6221,0x725D,U+9C25,鰥,0x7E204
6222,0x725E,U+9C24,鰤,0x7E244
6223,0x725F,U+9C21,鰡,0x7E284
6224,0x7260,U+9C30,鰰,0x7E2C4
6225,0x7261,U+9C47,鱇,0x7E304
6226,0x7262,U+9C32,鰲,0x7E344
6227,0x7263,U+9C46,鱆,0x7E384
6228,0x7264,U+9C3E,鰾,0x7E3C4
6229,0x7265,U+9C5A,鱚,0x7E404
6230,0x7266,U+9C60,鱠,0x7E444
6231,0x7267,U+9C67,鱧,0x7E484
6232,0x7268,U+9C76,鱶,0x7E4C4
6233,0x7269,U+9C78,鱸,0x7E504
6234,0x726A,U+9CE7,鳧,0x7E544
6235,0x726B,U+9CEC,鳬,0x7E584
6236,0x726C,U+9CF0,鳰,0x7E5C4
6237,0x726D,U+9D09,鴉,0x7E604
6238,0x726E,U+9D08,鴈,0x7E644
6239,0x726F,U+9CEB,鳫,0x7E684
6240,0x7270,U+9D03,鴃,0x7E6C4
6241,0x7271,U+9D06,鴆,0x7E704
6242,0x7272,U+9D2A,鴪,0x7E744
6243,0x7273,U+9D26,鴦,0x7E784
6244,0x7274,U+9DAF,鶯,0x7E7C4
6245,0x7275,U+9D23,鴣,0x7E804
6246,0x7276,U+9D1F,鴟,0x7E844
6247,0x7277,U+9D44,鵄,0x7E884
6248,0x7278,U+9D15,鴕,0x7E8C4
6249,0x7279,U+9D12,鴒,0x7E904
6250,0x727A,U+9D41,鵁,0x7E944
6251,0x727B,U+9D3F,鴿,0x7E984
6252,0x727C,U+9D3E,鴾,0x7E9C4
6253,0x727D,U+9D46,鵆,0x7EA04
6254,0x727E,U+9D48,鵈,0x7EA44
6255,0x7321,U+9D5D,鵝,0x7EA84
6256,0x7322,U+9D5E,鵞,0x7EAC4
6257,0x7323,U+9D64,鵤,0x7EB04
6258,0x7324,U+9D51,鵑,0x7EB44
6259,0x7325,U+9D50,鵐,0x7EB84
6260,0x7326,U+9D59,鵙,0x7EBC4
6261,0x7327,U+9D72,鵲,0x7EC04
6262,0x7328,U+9D89,鶉,0x7EC44
6263,0x7329,U+9D87,鶇,0x7EC84
6264,0x732A,U+9DAB,鶫,0x7ECC4
6265,0x732B,U+9D6F,鵯,0x7ED04
6266,0x732C,U+9D7A,鵺,0x7ED44
6267,0x732D,U+9D9A,鶚,0x7ED84
6268,0x732E,U+9DA4,鶤,0x7EDC4
6269,0x732F,U+9DA9,鶩,0x7EE04
6270,0x7330,U+9DB2,鶲,0x7EE44
6271,0x7331,U+9DC4,鷄,0x7EE84
6272,0x7332,U+9DC1,鷁,0x7EEC4
6273,0x7333,U+9DBB,鶻,0x7EF04
6274,0x7334,U+9DB8,鶸,0x7EF44
6275,0x7335,U+9DBA,鶺,0x7EF84
6276,0x7336,U+9DC6,鷆,0x7EFC4
6277,0x7337,U+9DCF,鷏,0x7F004
6278,0x7338,U+9DC2,鷂,0x7F044
6279,0x7339,U+9DD9,鷙,0x7F084
6280,0x733A,U+9DD3,鷓,0x7F0C4
6281,0x733B,U+9DF8,鷸,0x7F104
6282,0x733C,U+9DE6,鷦,0x7F144
6283,0x733D,U+9DED,鷭,0x7F184
6284,0x733E,U+9DEF,鷯,0x7F1C4
6285,0x733F,U+9DFD,鷽,0x7F204
6286,0x7340,U+9E1A,鸚,0x7F244
6287,0x7341,U+9E1B,鸛,0x7F284
6288,0x7342,U+9E1E,鸞,0x7F2C4
6289,0x7343,U+9E75,鹵,0x7F304
6290,0x7344,U+9E79,鹹,0x7F344
6291,0x7345,U+9E7D,鹽,0x7F384
6292,0x7346,U+9E81,麁,0x7F3C4
6293,0x7347,U+9E88,麈,0x7F404
6294,0x7348,U+9E8B,麋,0x7F444
6295,0x7349,U+9E8C,麌,0x7F484
6296,0x734A,U+9E92,麒,0x7F4C4
6297,0x734B,U+9E95,麕,0x7F504
6298,0x734C,U+9E91,麑,0x7F544
6299,0x734D,U+9E9D,麝,0x7F584
6300,0x734E,U+9EA5,麥,0x7F5C4
6301,0x734F,U+9EA9,麩,0x7F604
6302,0x7350,U+9EB8,麸,0x7F644
6303,0x7351,U+9EAA,麪,0x7F684
6304,0x7352,U+9EAD,麭,0x7F6C4
6305,0x7353,U+9761,靡,0x7F704
6306,0x7354,U+9ECC,黌,0x7F744
6307,0x7355,U+9ECE,黎,0x7F784
6308,0x7356,U+9ECF,黏,0x7F7C4
6309,0x7357,U+9ED0,黐,0x7F804
6310,0x7358,U+9ED4,黔,0x7F844
6311,0x7359,U+9EDC,黜,0x7F884
6312,0x735A,U+9EDE,點,0x7F8C4
6313,0x735B,U+9EDD,黝,0x7F904
6314,0x735C,U+9EE0,黠,0x7F944
6315,0x735D,U+9EE5,黥,0x7F984
6316,0x735E,U+9EE8,黨,0x7F9C4
6317,0x735F,U+9EEF,黯,0x7FA04
6318,0x7360,U+9EF4,黴,0x7FA44
6319,0x7361,U+9EF6,黶,0x7FA84
6320,0x7362,U+9EF7,黷,0x7FAC4
6321,0x7363,U+9EF9,黹,0x7FB04
6322,0x7364,U+9EFB,黻,0x7FB44
6323,0x7365,U+9EFC,黼,0x7FB84
6324,0x7366,U+9EFD,黽,0x7FBC4
6325,0x7367,U+9F07,鼇,0x7FC04
6326,0x7368,U+9F08,鼈,0x7FC44
6327,0x7369,U+76B7,皷,0x7FC84
6328,0x736A,U+9F15,鼕,0x7FCC4
6329,0x736B,U+9F21,鼡,0x7FD04
6330,0x736C,U+9F2C,鼬,0x7FD44
6331,0x736D,U+9F3E,鼾,0x7FD84
6332,0x736E,U+9F4A,齊,0x7FDC4
6333,0x736F,U+9F52,齒,0x7FE04
6334,0x7370,U+9F54,齔,0x7FE44
6335,0x7371,U+9F63,齣,0x7FE84
6336,0x7372,U+9F5F,齟,0x7FEC4
6337,0x7373,U+9F60,齠,0x7FF04
6338,0x7374,U+9F61,齡,0x7FF44
6339,0x7375,U+9F66,齦,0x7FF84
6340,0x7376,U+9F67,齧,0x7FFC4
6341,0x7377,U+9F6C,齬,0x80004
6342,0x7378,U+9F6A,齪,0x80044
6343,0x7379,U+9F77,齷,0x80084
6344,0x737A,U+9F72,齲,0x800C4
6345,0x737B,U+9F76,齶,0x80104
6346,0x737C,U+9F95,龕,0x80144
6347,0x737D,U+9F9C,龜,0x80184
6348,0x737E,U+9FA0,龠,0x801C4
6349,0x7421,U+582F,堯,0x80204
6350,0x7422,U+69C7,槇,0x80244
6351,0x7423,U+9059,遙,0x80284
6352,0x7424,U+7464,瑤,0x802C4
6353,0x7425,U+51DC,凜,0x80304
6354,0x7426,U+7199,熙,0x80344
